username,portfolio_size,agentic_share,avg_mu,avg_builds
3x1t,15,0.2,17.8,35.93333333333333
aaravrawlley,4,0.0,1.25,2.75
accessibility_team,2,0.0,2.0,37.0
aciku,3,0.333,2.0,53.666666666666664
acme-ai,7,0.0,0.2857142857142857,10.857142857142858
actose,3,1.0,1.0,11.666666666666666
adintell,3,0.667,1.3333333333333333,14.0
ai_founder,5,0.0,0.2,48.0
aiteks.ltda,5,0.2,0.2,21.4
aitorsm,20,0.85,25.2,25.3
al_mansouri,5,0.8,1.0,9.4
alex_claw,3,0.0,2.6666666666666665,1.6666666666666667
alhemaqani111,4,0.0,0.5,1.0
alvaraaz,5,1.0,5.2,11.0
am_production,7,0.429,2.142857142857143,14.571428571428571
amats-core,2,1.0,1.0,37.5
amintouzani,4,0.0,0.75,45.75
amitmudaliyar,3,1.0,1.0,3.6666666666666665
amr-mando,8,0.75,17.625,60.75
analytics_tupiniquim,8,0.875,1.0,5.625
andinfinity,3,1.0,2.6666666666666665,13.666666666666666
antndev,5,1.0,0.8,1.8
apeye,3,1.0,1.0,5.666666666666667
api402,10,0.6,6.3,31.9
api_heros,3,1.0,0.3333333333333333,24.666666666666668
apiagent,3,0.0,0.6666666666666666,25.333333333333332
apilab,4,1.0,2.25,17.5
app.tanalytics,4,1.0,0.5,9.0
artsiom_k,10,1.0,1.1,5.1
assertive_analogy,3,0.0,0.3333333333333333,19.333333333333332
astounding_stork,2,1.0,5.5,25.0
atlas-data,16,0.0,0.875,2.5
attainable_iota,2,1.0,1.0,1.0
aulvem,2,0.0,0.0,3.5
automation-architech,2,0.0,1.5,32.5
automatyk,2,1.0,0.0,8.0
avinashchby,20,1.0,1.0,10.5
awesome_highboy,5,1.0,1.0,7.8
axel_brasil,3,1.0,1.0,10.0
azzouzana,58,0.983,23.551724137931036,50.05172413793103
badrnaseem,2,0.5,1.0,28.0
baseball,6,0.0,4.666666666666667,36.0
beacon_labs,15,0.0,0.0,1.9333333333333333
bebity,12,0.25,28.833333333333332,79.91666666666667
bendevapps,2,0.0,1.0,1.5
bigdavidson,4,0.0,37.75,2.5
bmerlyns,2,0.0,1.0,23.0
brocoswork,2,1.0,1.0,6.5
bronze_quarterback,5,0.0,0.0,7.2
broomwagon,7,1.0,1.0,6.428571428571429
canadesk,114,0.061,1.5964912280701755,29.63157894736842
cancap,8,0.25,0.875,7.0
careybrown,8,0.875,0.875,5.75
changeable_peddler,13,0.923,1.2307692307692308,8.923076923076923
charliemorrisondev,6,0.5,1.8333333333333333,10.0
chezsan770,2,0.5,1.5,3.5
citrine_venus,9,0.0,1.0,3.6666666666666665
clever_fashion,4,1.0,0.25,18.0
climond,3,0.0,1.0,5.333333333333333
clm-studios,4,0.0,0.0,1.0
clockworks,15,1.0,2348.2,1842.0666666666666
clootrack,12,1.0,0.9166666666666666,3.4166666666666665
codenest,77,0.0,1.1168831168831168,16.714285714285715
coder_luffy,16,0.438,3.0625,14.25
commanding_hotdog,9,0.222,1.0,4.666666666666667
commodus67,2,1.0,1.0,15.5
constant_quadruped,49,0.082,2.6122448979591835,18.163265306122447
constructive_junk,9,0.222,0.5555555555555556,7.777777777777778
contactminerlabs,183,0.0,0.7158469945355191,2.2459016393442623
cooki,3,0.0,1.0,5.333333333333333
crawlerbros,1716,0.001,3.276806526806527,1.5693473193473193
crawlio,10,1.0,4.5,21.5
crawlstone,6,0.833,162.33333333333334,22.166666666666668
cspnair,3,1.0,4.333333333333333,12.333333333333334
cyberfly,6,0.0,3.5,70.16666666666667
dabomb1177,3,0.667,1.0,1.6666666666666667
dalleyne,4,1.0,4.5,30.0
damilo,9,0.444,22.555555555555557,11.777777777777779
danek,19,0.842,101.21052631578948,31.0
danielherman,2,0.0,0.5,33.5
danitbensimon,2,1.0,0.5,22.5
danitn11,7,0.429,15.857142857142858,11.285714285714286
danpoletaev,3,0.333,3.3333333333333335,36.666666666666664
dariomory,11,0.909,0.9090909090909091,4.181818181818182
darknezz,39,0.872,0.7435897435897436,6.743589743589744
dataforge_labs,3,0.333,1.6666666666666667,6.0
datalab-jp,7,1.0,0.5714285714285714,5.714285714285714
datarummage,2,1.0,1.0,13.0
dataset-smith,4,0.0,0.5,1.75
datasignalslab,17,0.176,0.8235294117647058,13.647058823529411
datavault,9,1.0,0.6666666666666666,8.0
datavaultlabs,5,1.0,1.0,5.4
ddzzhen,2,1.0,1.0,7.0
deepztack,3,0.0,0.6666666666666666,2.6666666666666665
delightful_unicorn,11,0.909,1.0,3.1818181818181817
dev_bodex,6,0.0,0.3333333333333333,30.0
devcake,53,0.943,21.037735849056602,36.132075471698116
devisty,4,0.5,4.5,31.75
devpartners,2,1.0,1.0,15.0
diao-bah-timbi,2,0.5,0.5,1.5
dionysus_way,19,1.0,4.7894736842105265,75.36842105263158
direwolflabs,2,0.0,0.5,10.5
dishum,2,0.0,0.0,26.0
dltik,72,0.861,5.986111111111111,8.5
dori1,2,0.5,0.0,3.0
dt_org,4,1.0,0.5,5.75
easytools,2,0.5,24.5,30.0
ecommerce_leads,2,1.0,48.0,15.0
economical_reward,3,0.0,0.0,1.0
electrabot.info,9,1.0,1.0,4.333333333333333
emaillistverify,3,0.0,0.6666666666666666,20.0
enrich-crm,14,0.929,4.0,23.428571428571427
entrepreneurial_lens_ehi,5,1.0,1.0,29.2
enviable_shell,3,0.0,0.6666666666666666,3.6666666666666665
equ1n0x,5,1.0,1.0,25.4
eraydiler,5,1.0,1.2,79.4
esrok,5,1.0,1.0,4.8
euphoric_nabob,2,1.0,1.0,5.5
factden,12,1.0,18.333333333333332,38.25
fetchbase,10,0.2,1.6,6.8
fingolfin,15,0.8,1.8666666666666667,10.0
finmap,6,0.0,0.6666666666666666,51.333333333333336
flash_mage,2,0.5,64.0,41.0
fmntec,6,1.0,1.0,8.0
foo121,22,0.909,1.5,2.1363636363636362
fortuitous_pirate,446,1.0,0.9282511210762332,5.955156950672646
frayess_mosbehi,2,0.5,1.0,8.0
fred.deichler,5,0.0,1.0,4.6
fulinlabs,5,0.0,1.0,5.6
galih_rakasiwi,2,1.0,0.5,7.0
gangary,12,0.917,1.0,3.5833333333333335
gearshift-data,2,1.0,0.0,30.0
genetheaiguy,4,0.0,1.5,2.75
getascraper,281,0.986,2.227758007117438,10.619217081850534
ghost_banana,2,0.0,1.0,11.0
gifted_wagon,28,1.0,1.0357142857142858,1.9642857142857142
goat255,109,0.817,4.614678899082569,9.18348623853211
gp1991,2,1.0,13.5,10.0
h_reviews,4,1.0,16.25,30.5
haketa,179,1.0,3.1284916201117317,8.64804469273743
hamdo,2,0.5,1.5,4.5
hamzatrq,6,1.0,0.6666666666666666,10.166666666666666
harvestlabs,7,0.0,0.14285714285714285,21.714285714285715
headply,2,0.0,0.5,25.0
hichemdev,56,0.0,1.2321428571428572,2.875
housingfeed,9,1.0,1.3333333333333333,12.222222222222221
iblead,6,1.0,0.6666666666666666,14.333333333333334
incredible_moment,6,1.0,0.0,8.0
indomitably_doctor,3,1.0,1.0,10.333333333333334
innocent_goodness,3,0.667,0.3333333333333333,4.0
intimate_pacu,21,1.0,0.9047619047619048,1.2380952380952381
inutil_labs,2,0.0,16.0,74.5
irreplaceable_chevrotain,5,0.0,0.0,1.0
ittechinnovators,9,0.111,17.444444444444443,14.222222222222221
jadelike_zine,6,1.0,1.0,1.8333333333333333
james.logantech,3,0.0,0.3333333333333333,50.333333333333336
jamkon,3,0.0,1.0,4.333333333333333
jaroslavhejlek,2,0.0,1.5,19.5
jenko_systems,12,1.0,3.3333333333333335,6.416666666666667
jobo.world,16,1.0,19.625,39.3125
jobsapi,91,0.0,1.021978021978022,2.5164835164835164
joeslade,6,0.0,0.8333333333333334,8.666666666666666
johnvc,88,1.0,41.26136363636363,90.2840909090909
johnwillie,5,0.0,0.8,1.0
jorokotev,2,0.5,1.0,8.0
juandiaz.mx,3,1.0,2.0,31.333333333333332
juramoshkov,5,1.0,1.4,14.4
kaichi-labs,7,0.143,1.0,2.0
karan_sharma_23,2,0.5,1.0,16.5
kawsar,177,0.966,2.016949152542373,6.435028248587571
kenny256,2,0.5,0.5,28.0
keratogenous_surgeon,3,1.0,0.6666666666666666,1.6666666666666667
khaki_yak,2,0.0,2.5,13.5
knotted_tussock,8,0.0,0.75,2.875
kops-inc,5,0.8,1.6,15.4
ku3o,2,1.0,1.5,8.5
labrat011,23,0.826,4.173913043478261,15.347826086956522
laisidata,4,1.0,8.25,110.75
latam-data,2,1.0,1.0,10.5
leadsbrary,27,0.037,18.25925925925926,15.74074074074074
legend006,7,1.0,1.1428571428571428,3.5714285714285716
leon.operator,3,0.667,2.3333333333333335,4.666666666666667
limitless_can_p5z,2,1.0,1.0,4.0
linus009400,4,1.0,1.5,4.0
literal_jacktree,3,0.333,0.3333333333333333,3.0
lizzyyy2,15,1.0,0.5333333333333333,4.2
lofomachines,69,0.899,10.565217391304348,11.63768115942029
lone_cipher,2,1.0,1.0,9.5
louisdeconinck,74,0.203,15.58108108108108,6.635135135135135
luteous_canoe,5,0.0,0.0,1.0
macheta,9,0.0,9.666666666666666,9.555555555555555
malikgen,10,0.0,5.8,19.2
malonestar,114,1.0,0.7982456140350878,8.24561403508772
martin1080p,2,0.0,3.5,28.5
matencio,2,1.0,56.0,12.5
meticulous_agenda,2,0.0,0.0,20.0
mfapitools,10,1.0,1.0,8.0
mherzog,3,0.333,7.666666666666667,10.0
michael.g,9,0.889,58.0,55.44444444444444
mido_99,4,0.25,1.25,56.5
miladamirzadeh,6,0.5,4.5,13.5
mind_momentum,7,1.0,0.2857142857142857,5.0
minimal_junglefowl,2,0.0,1.0,11.5
misceres,6,0.167,427.8333333333333,71.83333333333333
missingreports,5,1.0,1.2,10.4
moillamas,3,0.0,0.3333333333333333,4.333333333333333
money_machine_agent,3,1.0,0.0,1.6666666666666667
mostafa-ennadi,7,0.857,14.857142857142858,10.428571428571429
mowell_labs,5,0.8,1.0,3.0
mrlarry,2,1.0,1.0,4.5
mrprince90,14,0.0,0.35714285714285715,8.428571428571429
ms-automations,2,1.0,0.5,7.0
mtrunkat,7,0.0,5.714285714285714,27.0
mtrunkatova,4,0.0,0.25,2.0
muhammad_usama,7,0.429,10.714285714285714,15.571428571428571
muhdarifx,3,0.667,1.0,33.333333333333336
muzafferkadir,14,1.0,2.642857142857143,13.571428571428571
mvolfik,2,0.0,2.0,13.0
myexcelsolutions,2,1.0,0.5,2.0
ncst,2,0.0,0.5,7.5
nec,3,0.333,0.0,42.666666666666664
needy_hammock,3,1.0,3.6666666666666665,50.0
nestled_rider,2,0.0,1.0,5.0
neuro-scraper,43,0.023,0.4186046511627907,13.86046511627907
newpo,9,0.444,2.111111111111111,25.11111111111111
nexgenwatch,155,1.0,0.9612903225806452,8.154838709677419
niche_lens,5,1.0,1.0,4.0
nikse77,5,0.0,0.2,1.8
nivlekk,5,1.0,2.8,5.6
nlp_data_lni,4,1.0,0.5,46.5
nodexagent,2,0.0,2.0,48.0
noetic_caption,2,1.0,1.0,5.5
noraview,2,0.0,33.0,146.5
northbound_works,3,1.0,1.0,3.0
nuclear_quietude,3,0.333,8.0,13.0
nuhemugames,7,1.0,1.0,1.5714285714285714
obsequious_ontologist,2,0.5,0.5,16.0
oldbie,2,0.5,1.0,2.5
oliverostech,2,1.0,1.0,8.5
openclawmara,24,1.0,0.5416666666666666,7.375
opensignals,8,1.0,1.0,7.125
opspilot.cc,24,0.417,2.4583333333333335,17.625
orangepinlabs,2,1.0,1.0,3.0
orbiscribe,19,1.0,0.5789473684210527,5.631578947368421
orgupdate,25,0.88,25.84,10.32
originalvi,5,0.6,1.0,2.2
orthogonal_redbud,2,0.0,2.0,38.5
ozito,2,1.0,1.0,6.0
parsebird,163,1.0,3.7975460122699385,3.785276073619632
patel_dev_automation,6,1.0,2.1666666666666665,4.333333333333333
paul_44,3,0.667,20.0,29.333333333333332
paulovitor18,23,1.0,1.9130434782608696,11.130434782608695
pear_fight,27,0.889,3.037037037037037,10.296296296296296
perci,2,0.0,0.5,2.0
permitdata,2,1.0,1.5,18.0
perryay,55,0.0,1.4181818181818182,18.345454545454544
poidata,4,1.0,40.75,167.75
powerful_platypus,6,1.0,0.0,1.5
practicaltools,24,0.542,48.458333333333336,18.791666666666668
pranavpatel,2,0.0,1.0,7.0
premiumscraper,55,0.0,6.490909090909091,14.745454545454546
primevision,5,0.2,0.2,4.4
pringlesbitch,2,0.0,1.5,1.5
produkdigitalali,9,1.0,1.5555555555555556,5.777777777777778
profitstack,2,1.0,0.0,15.5
programmersoham,2,1.0,1.0,10.5
publicdataworks,3,0.333,0.6666666666666666,4.333333333333333
quarto_topic,3,0.0,0.3333333333333333,2.6666666666666665
radeance,17,0.412,39.88235294117647,40.0
rapidtech1898,4,0.75,1.0,11.75
rare_sunset,5,0.0,0.0,7.4
raushan2288,5,0.8,1.2,9.8
real_spidery,5,0.8,3.4,19.4
receptional_blender,35,1.0,0.9428571428571428,1.0571428571428572
recordsdb,3,0.667,1.0,15.666666666666666
renzomacar,77,0.935,2.3636363636363638,8.909090909090908
riisager,2,0.5,2.5,31.0
robertsong13,2,1.0,0.0,26.5
rotvuvo,14,0.0,1.2142857142857142,1.6428571428571428
rover-omniscraper,6,0.333,4.666666666666667,10.333333333333334
ryyos,25,0.96,1.0,2.32
saadithya,16,0.563,0.5,14.375
samiullah07,2,0.5,1.0,36.5
sargis_aleksanyan,3,0.667,0.6666666666666666,12.666666666666666
scrape.badger,61,1.0,13.557377049180328,6.688524590163935
scrapebridge,27,0.0,0.5925925925925926,1.0
scraped,66,0.0,1.0909090909090908,24.545454545454547
scrapeengine,43,0.0,0.6976744186046512,3.7674418604651163
scraptivo,66,0.545,0.7272727272727273,3.590909090909091
scravitylab,14,0.143,4.285714285714286,124.21428571428571
second_coming,36,0.722,1.0,4.944444444444445
sergeyfaraday,2,1.0,0.5,27.0
serj_henrique,4,0.75,0.5,6.0
shanks0x0,6,0.0,1.1666666666666667,14.166666666666666
silo,2,0.0,1.5,2.5
simon.m,2,0.0,2.0,8.5
simplifysme,6,1.0,0.6666666666666666,19.333333333333332
singhera07,2,0.0,5.5,8.5
sirgrant11788,8,1.0,0.875,6.25
smart_api,2,1.0,0.5,14.5
smartspidering,2,0.5,0.5,42.5
social_developer,6,1.0,16.833333333333332,9.333333333333334
sparkling_fall,3,0.0,1.0,3.3333333333333335
spectr_of_inspiration,2,1.0,5.5,24.0
spider_studio,9,1.0,1.0,8.777777777777779
springstea,6,1.0,1.0,2.8333333333333335
spry_frame,22,1.0,0.9545454545454546,6.090909090909091
stackrelay,29,0.655,1.8275862068965518,23.586206896551722
starbright_overlap,13,1.0,1.0,12.76923076923077
stephaniehhnbrg,2,1.0,2.0,7.0
studio-amba,772,0.999,0.8860103626943006,4.786269430051814
superapis,16,0.0,0.4375,5.6875
sushidata,2,0.5,2.5,6.0
swarmgarden,3,1.0,11.0,12.0
swholmes,6,1.0,0.16666666666666666,4.666666666666667
tanduy.work,2,0.0,1.5,7.0
tender_signall,2,1.0,1.0,7.0
thecfmarketing,7,1.0,1.7142857142857142,9.285714285714286
thedoor,7,0.714,70.71428571428571,55.714285714285715
theguide,8,0.375,1.25,19.25
tidyfeed,2,1.0,1.0,4.5
titian_troupe,4,0.0,1.0,1.75
toludare,6,0.333,3.6666666666666665,32.166666666666664
toolkitlabs,4,1.0,1.0,4.75
toolsnmoreapi,4,0.75,7.25,33.25
topaz_sharingan,6,0.333,84.5,43.833333333333336
treff,2,0.0,0.5,29.5
trend_wizard,2,0.0,0.0,11.5
trepanat0r,2,1.0,2.0,1.0
treplit,2,0.0,0.0,53.0
tsi_amazon_sellers,2,1.0,1.0,20.0
turbulent_noodle,2,1.0,0.5,5.0
up2data,2,1.0,1.0,8.5
usestring,29,1.0,1.0,10.482758620689655
vamsi-krishna,8,0.25,1.5,10.5
vasram,3,1.0,2.3333333333333335,22.666666666666668
vertaizen,8,1.0,0.875,2.75
veska,2,1.0,1.0,13.0
videodownloaders,34,0.0,0.7058823529411765,2.264705882352941
violet_pluto,5,1.0,1.4,19.2
voyn,17,0.0,1.5294117647058822,35.8235294117647
vujeen,5,0.8,2.4,3.0
w4rd0g,4,1.0,1.25,4.0
wedo_software,3,1.0,5.333333333333333,23.0
weeknds,4,1.0,0.75,4.25
wetyr_corporation,25,0.68,0.96,1.84
wheaten_steelpan,3,1.0,1.0,16.333333333333332
workware,5,1.0,1.2,6.4
woundless_yellowwood,15,0.133,1.2,10.866666666666667
x.com,5,0.4,0.8,4.6
xanthic_polygon,4,0.75,0.5,9.75
xerophylous_mercy_0wn,4,1.0,0.75,6.5
xidik_inc,4,0.75,1.0,3.0
xmahbub,2,0.5,0.0,16.0
xmiso_scrapers,36,0.361,16.25,29.38888888888889
xtdata,7,0.429,56.714285714285715,32.285714285714285
xtracto,203,0.015,4.832512315270936,5.857142857142857
yasaslive,16,0.813,0.8125,11.6875
yeahjjyy,5,0.0,0.8,22.8
young_billionaires,4,1.0,7.0,19.0
z3n_m4nt1s,4,1.0,1.0,4.75
zerobudget,2,0.5,0.0,5.5
zon4a,2,0.0,0.5,12.0
scrapemint,243,0.992,2.983539094650206,3.3868312757201644
scrapepilotapi,25,0.0,0.68,3.28
scrapesage,356,0.983,4.345505617977528,10.837078651685394
scrapesmith,73,0.836,19.753424657534246,11.73972602739726
scrapeworks,50,0.92,1.4,1.66
abaddion,2,0.5,1.5,4.5
abrahan_dev,2,0.0,1.0,8.0
acclaimed_ashram,5,1.0,0.6,1.2
accurate_dancer,3,1.0,0.6666666666666666,7.0
acid-base,21,0.476,1.380952380952381,4.904761904761905
actorpilot,8,0.0,0.75,17.0
actums,2,0.0,1.5,26.5
adrian_horning,2,0.0,0.0,5.0
aetherlabx,6,1.0,1.1666666666666667,6.166666666666667
aezakmi,2,0.0,1.0,17.0
agenscrape,74,0.959,6.581081081081081,9.702702702702704
agentumgroup,7,1.0,0.8571428571428571,3.142857142857143
ai_solutionist,9,0.667,0.4444444444444444,20.666666666666668
aitoolbreakdown,5,1.0,0.8,4.0
akula.marketing,7,1.0,26.142857142857142,25.142857142857142
alex_demeniuk,3,1.0,1.6666666666666667,7.666666666666667
alphabeta69,3,1.0,0.0,2.0
amernas,6,0.333,1.6666666666666667,19.166666666666668
anaselgamed,3,0.0,1.0,3.0
anchor,12,0.167,42.0,80.16666666666667
animizio,3,1.0,1.0,1.6666666666666667
api_merge,8,1.0,6.0,11.25
apicat,2,0.0,1.5,85.0
apipi,4,0.0,0.75,5.5
apivault_labs,58,0.672,14.568965517241379,26.862068965517242
apnoda,5,0.0,0.8,16.6
armourylabs,8,0.75,0.875,6.875
arrontaylor,3,0.0,1.6666666666666667,6.666666666666667
assmblr,3,1.0,0.0,13.666666666666666
asvuep,2,1.0,2.5,5.0
automation_studio,5,0.8,0.6,23.8
automationnation,10,0.8,1.0,10.2
avant_technologies,2,1.0,0.5,11.5
avqelle,2,1.0,1.0,10.0
axetl_industries,3,0.667,0.3333333333333333,20.666666666666668
azlan_lionheart,2,0.0,1.5,1.0
azureblue,22,1.0,0.8181818181818182,8.772727272727273
b3264,11,1.0,0.9090909090909091,17.727272727272727
balathon,4,1.0,0.25,7.75
barefoot_year,8,0.0,10.875,17.875
barking_wisdom,3,1.0,1.0,5.0
bb-tradetec,39,0.974,0.9743589743589743,4.3076923076923075
beatanalytics,10,1.0,43.8,16.8
bitofacoder,3,1.0,1.6666666666666667,1.3333333333333333
bostomate,4,1.0,0.75,2.5
bujhmml,6,0.667,2.1666666666666665,3.5
caleno,3,1.0,0.6666666666666666,8.666666666666666
cerebral_aluminum,12,0.0,0.5833333333333334,2.0833333333333335
cerridwen,9,1.0,3.5555555555555554,11.444444444444445
cg_nguyen,4,0.75,1.25,6.0
charmed_magnolia,3,1.0,1.0,45.0
cirkit,36,0.833,5.277777777777778,6.277777777777778
civicdataforge,16,0.5,0.625,9.25
cleanscrape,2,1.0,2.5,6.0
cloway,6,0.667,2.8333333333333335,4.166666666666667
codescraper,18,0.278,2.5555555555555554,18.333333333333332
comfy_glove,7,0.0,1.4285714285714286,5.857142857142857
cone,2,0.5,2.0,39.0
consummate_kinesis_jvt,5,1.0,1.0,3.6
corent1robert,119,0.613,2.4789915966386555,21.714285714285715
corner_cutter,3,1.0,16.666666666666668,16.0
craigtechservicesllc,5,1.0,0.8,5.0
crawlergang,29,0.0,1.9655172413793103,1.0
cryptosignals,44,0.977,5.886363636363637,18.65909090909091
ctrlaltwin,2,0.0,0.5,50.5
curative_blanket,6,1.0,1.3333333333333333,5.333333333333333
dacoder,2,0.0,3.5,46.5
daddyapi,14,0.929,1.7857142857142858,4.785714285714286
danthedataman,3,1.0,5.333333333333333,7.0
data_alchemist,7,1.0,1.5714285714285714,17.142857142857142
data_link_miner,21,0.048,2.1904761904761907,2.9047619047619047
data_ops_main,5,1.0,9.0,2.6
data_place,15,0.0,1.0,4.533333333333333
datascoutapi,13,0.231,3.3076923076923075,41.61538461538461
deadlyaccurate,12,0.917,2.4166666666666665,17.416666666666668
deltaspider,15,0.067,0.5333333333333333,31.866666666666667
devbox123,2,0.0,1.0,2.5
devnaz,11,0.091,1.8181818181818181,6.818181818181818
devwithbobby,11,0.545,7.363636363636363,10.0
diegomedflo,2,0.0,1.0,24.5
digitalnomadph,3,1.0,1.3333333333333333,8.0
direct_houseboat,3,0.0,6.333333333333333,82.66666666666667
dominic.hoof.is,3,0.0,0.0,5.0
dominvo,2,1.0,15.5,9.0
downloaders,3,0.0,1.0,1.0
dr_amp,9,0.0,0.8888888888888888,1.8888888888888888
dsh-org,4,0.0,0.5,1.5
dtrungtin,64,0.688,1.96875,25.9375
duvan517x,2,1.0,1.0,15.5
edmartinez,2,0.0,0.0,8.0
ef12,19,0.947,1.0526315789473684,1.8421052631578947
entertained_rattlesnake,5,0.8,9.6,6.6
entrogix_works,8,1.0,1.0,6.25
epicmotionsd,2,1.0,0.5,9.0
ernestmarza,4,1.0,1.0,3.75
exalted_mud_vjz,3,0.333,1.0,1.0
exfuncionario,4,1.0,1.0,3.0
f0rty7even,22,0.955,1.0454545454545454,2.3181818181818183
fabri-lab,7,1.0,48.714285714285715,33.0
feedforge,12,1.0,1.0833333333333333,3.0833333333333335
fenlo-services,3,0.0,0.6666666666666666,7.333333333333333
filingradar,6,1.0,1.0,3.0
financialj,5,0.0,0.4,1.0
fixmyerrorcode,2,0.5,1.0,17.0
flavorful_fancy,2,0.0,1.0,3.0
forge-api,2,0.5,12.0,9.0
fraktalapi,4,0.5,1.25,21.25
fruitful_quintessence,36,0.944,0.7777777777777778,5.527777777777778
gaurangghinaiya,2,0.0,1.5,5.5
gauravsaran,8,0.0,4.0,14.875
gauthier-huguenin,19,0.0,1.0,1.0
george.the.developer,79,0.544,4.329113924050633,12.708860759493671
get-leads,8,1.0,31.5,241.375
glassventures,18,0.0,2.1666666666666665,1.7777777777777777
glavier,2,0.0,4.0,7.0
gochujang,149,0.409,1.8187919463087248,7.8120805369127515
gopalakrishnan,18,0.722,2.111111111111111,15.666666666666666
gratenes,2,0.0,1.0,11.5
gray0,2,0.0,0.0,2.5
growth-installations,8,0.0,1.25,8.0
gtforgedata,4,1.0,1.0,6.0
gtm_engineer,2,0.0,0.5,29.0
ha55an_dev,2,1.0,0.5,8.0
habit.zhou,8,0.875,13.5,14.625
halobartku,9,0.889,0.0,7.666666666666667
happitap,122,0.869,1.9180327868852458,11.327868852459016
hard_proger,2,0.0,1.0,12.0
harshmaur,11,0.818,339.72727272727275,227.45454545454547
hassy,3,0.0,1.6666666666666667,6.0
herazur,4,1.0,0.5,7.75
hermes-yuri,2,0.0,1.0,3.0
hernan_restrepo,2,1.0,1.0,6.0
hipersoft,168,1.0,1.2857142857142858,6.851190476190476
hlymrk,2,1.0,3.5,49.5
hounderd,2,0.5,6.5,23.5
how-to-download-videos,67,0.0,0.7014925373134329,3.0
ichigowa,8,1.0,9.0,1.75
ihndev,2,1.0,1.0,6.0
ikoles,3,0.333,0.3333333333333333,4.0
infoweaver,2,0.0,1.5,3.0
instaprism,30,1.0,10.933333333333334,23.433333333333334
insulin_junkie,2,0.5,0.5,1.0
intropix,2,1.0,51.0,33.0
invaluable_rondeau,8,0.625,0.625,6.625
jackwenyoung,2,0.0,1.5,13.5
jacquemus,2,1.0,4.0,44.5
jakub.kopecky,15,0.0,0.6666666666666666,16.8
jan_hilgard,3,1.0,1.3333333333333333,10.333333333333334
janbruinier,16,0.063,0.4375,2.0625
jarvismoney,2,1.0,2.0,3.5
jaybird,12,1.0,10.333333333333334,13.25
jeremy_frost,4,0.0,0.75,96.0
jkuzz,2,0.0,0.0,29.5
jp_ishac,3,1.0,3.6666666666666665,3.3333333333333335
jpclima,2,0.0,1.0,15.0
juryless_lens,14,1.0,1.1428571428571428,5.0
jweninger16,2,0.0,0.0,5.0
kaitoeasyapi,6,0.5,738.3333333333334,183.0
kjames2001,5,1.0,0.4,4.6
kuaima,12,0.0,0.6666666666666666,78.0
ladra,2,0.5,1.5,12.5
leaderly_jackpine,3,0.333,1.0,10.0
ledgerfield_data,2,1.0,1.5,4.5
lemur,4,1.0,25.5,30.0
lentic_clockss,125,0.016,1.568,13.368
listenllc,2,1.0,0.0,5.0
loongge,2,1.0,0.5,19.0
lorify,2,1.0,1.0,11.0
louvre,6,1.0,14.0,66.33333333333333
lsdflying,3,0.0,0.3333333333333333,24.333333333333332
lucapaparosmm,4,0.0,0.0,2.5
luis.pinto,4,1.0,2.0,23.25
lume,2,0.0,20.5,3.5
madwezza,5,0.2,1.0,2.8
maged120,77,1.0,4.805194805194805,9.818181818181818
mantisus,2,1.0,12.5,20.5
maplerope44,4,0.75,11.25,35.25
marekhartmann,9,1.0,1.0,3.6666666666666665
marklp,4,0.75,2.0,72.5
maroon_trio,2,1.0,4.0,35.5
martin.forejt,6,0.0,3.0,11.0
maverickpoint,4,1.0,0.25,1.5
mayara,2,0.0,0.5,1.5
mellow_mint,2,0.0,2.0,6.0
metaworldsystems,3,1.0,0.6666666666666666,3.6666666666666665
meticulous_snail,54,0.204,0.7592592592592593,3.4814814814814814
meticulous_sweetwilliam,8,0.25,1.0,3.5
mickeywmoore,2,0.5,0.5,8.5
minji_k,2,1.0,1.0,5.0
minyo,2,0.0,0.0,28.5
montkit,3,1.0,1.0,5.333333333333333
monumental_world,36,1.0,1.5555555555555556,3.638888888888889
moonlings,5,1.0,1.0,7.4
moorish-dev,3,0.0,2.0,10.333333333333334
morph_coder,10,0.3,4.6,20.3
moussa_magnet,2,1.0,0.5,23.0
mraxes,5,0.0,0.8,4.8
mrlarryjohnson,11,0.818,0.5454545454545454,3.5454545454545454
mudassirabbasi1,3,0.667,0.3333333333333333,1.3333333333333333
mynewhome,8,0.0,0.125,4.75
naver_crawling,2,1.0,0.5,4.0
navy_currant,10,0.9,0.7,2.7
nc-automations,4,0.75,3.5,7.25
nectared_screen,2,0.5,1.5,1.5
nectia,6,0.0,0.0,1.8333333333333333
neuralverge,29,1.0,16.896551724137932,16.689655172413794
newbs,17,0.235,1.8823529411764706,66.94117647058823
nexgendata,497,0.918,1.9175050301810865,16.782696177062373
nezha,12,0.583,0.6666666666666666,6.083333333333333
nicolas_izquierdo,5,1.0,0.8,1.6
ninja.dev,2,1.0,1.5,6.0
njoylab,13,0.615,2.0,16.76923076923077
nkactors,3,1.0,9.666666666666666,8.333333333333334
nomad-agent,57,1.0,2.7719298245614037,24.87719298245614
nominated_tupelo,7,1.0,0.7142857142857143,3.4285714285714284
nordicdataforge,5,1.0,1.0,3.6
northglasslabs,8,0.875,1.5,15.0
northlab,2,1.0,1.0,14.5
northwestsouth,6,1.0,1.1666666666666667,3.6666666666666665
nosytlabs,9,0.778,1.0,17.88888888888889
notdemna,2,1.0,0.5,20.0
nottooshabby,2,0.0,0.5,3.5
novus,3,0.0,1.0,59.666666666666664
obliteral_minnow,4,0.0,2.25,5.5
obsequious_doughnut,2,0.0,1.0,10.0
olican,6,0.0,1.0,7.666666666666667
omao,33,1.0,1.0909090909090908,4.212121212121212
pago,2,0.0,1.0,16.0
parse-point,75,0.0,1.0133333333333334,5.226666666666667
patrickvicente,2,0.0,2.5,60.0
paulwrsc,2,1.0,0.0,1.0
perconey,10,1.0,0.9,2.3
phazonoverload,6,0.0,1.0,12.333333333333334
pillowy_travel,5,0.0,0.6,3.0
piquno,13,1.0,0.6923076923076923,4.769230769230769
pom_poms,4,0.0,0.25,1.25
porcelain_vista,2,0.0,1.0,5.5
pornvidsdownload,38,0.0,0.6052631578947368,2.473684210526316
primesieve,17,0.588,0.9411764705882353,3.764705882352941
prizable_aster,5,0.8,1.0,3.6
prosper_miller,2,1.0,0.5,6.5
proweblook,3,1.0,1.0,4.666666666666667
publicdata,9,1.0,1.0,5.222222222222222
purple_beep_boop,2,1.0,9.5,27.5
q_services,87,0.678,0.7471264367816092,1.3793103448275863
quarry,5,1.0,0.2,6.0
quiescent_zebrafish,10,0.0,0.0,2.4
quine,5,0.0,0.2,9.2
rainminer,152,0.862,1.506578947368421,5.381578947368421
raizen,2,0.0,3.5,14.5
randominique,3,0.0,0.6666666666666666,28.666666666666668
rankfabrik,3,1.0,1.0,7.666666666666667
red.cars,60,0.033,0.95,43.78333333333333
reinventingai,3,0.333,3.3333333333333335,6.666666666666667
reverend_bluebell,5,1.0,1.0,8.2
reviewbot,5,1.0,0.6,15.0
ricardourtubey,2,0.5,1.0,2.0
ritaya,4,1.0,0.75,3.25
rl1987,102,0.02,1.5196078431372548,9.5
robertoleon57,2,1.0,1.0,5.5
rodimuxai,4,1.0,1.0,7.0
s0rgcl,2,0.0,1.0,2.5
sadzinn,2,1.0,3.0,4.0
saint_person,20,0.8,0.8,4.2
saleleads.ai,4,0.0,0.5,4.5
salomon.labs,5,1.0,0.4,5.4
sameh.jarour,4,0.25,0.5,10.0
samqp,2,1.0,2.0,3.0
santhej,50,0.98,7.58,3.34
saswave,204,0.725,3.4607843137254903,14.686274509803921
scrape-lads,8,0.875,1.25,8.875
scrapebench,38,1.0,0.631578947368421,12.105263157894736
scrapingxpert,9,0.222,3.6666666666666665,84.66666666666667
scraplib,4,0.0,2.5,3.0
scrapyspider,35,0.029,4.114285714285714,8.914285714285715
scrapyx,32,1.0,0.96875,2.6875
scriptbase,24,0.042,5.25,8.583333333333334
seo-scraper,3,0.667,5.333333333333333,7.0
serhattsnmz,2,0.0,1.5,16.0
shareze001,49,0.041,0.8979591836734694,19.979591836734695
shashghosh,10,0.9,0.9,20.0
shiokoshi356,10,1.0,0.4,1.6
shoya,2,1.0,1.5,14.0
signalflow_studio,3,1.0,0.6666666666666666,8.0
signalfoundry,4,0.25,0.25,17.0
silentflow,121,0.612,5.099173553719008,22.43801652892562
skython,34,0.971,4.9411764705882355,32.23529411764706
socialdatax,11,1.0,19.363636363636363,15.363636363636363
solidscrape,11,1.0,3.0,4.818181818181818
spectre_scrape,8,0.875,4.375,17.0
springboltx,8,1.0,1.875,32.375
ssyoutube,2,0.0,0.5,1.0
stevennguyen,3,1.0,1.0,4.333333333333333
straightforward_hydra,105,0.99,1.1047619047619048,3.361904761904762
streamers,5,1.0,3200.0,1008.8
sturdydata,5,1.0,1.0,1.0
subimpact,12,0.167,2.4166666666666665,9.333333333333334
sunny_eternity,5,1.0,4.0,19.8
supreme_coder,13,1.0,213.76923076923077,20.076923076923077
sweet_rebel,9,1.0,1.0,18.444444444444443
sylvainrt,3,0.0,0.6666666666666666,2.6666666666666665
sync-network,27,0.963,3.5925925925925926,14.555555555555555
tailsgate,2,0.0,4.5,2.0
taroyamada,159,0.994,0.8364779874213837,13.30188679245283
teodor_banea,5,0.2,3.0,2.4
therealmsc,2,0.0,0.0,18.5
thibault,2,0.0,0.5,10.5
to_kosmi,2,0.0,1.0,1.5
tom2turnt,3,0.0,0.3333333333333333,3.6666666666666665
tom_the_builder,4,0.75,1.0,4.25
tomato_cart,5,0.4,1.0,31.6
toolstem,2,0.5,0.0,54.0
toumi.oussema.re,10,1.0,1.0,4.1
true.false.maybe,3,0.667,0.3333333333333333,43.333333333333336
tufantoksoz,6,0.333,0.6666666666666666,11.833333333333334
tugelbay,24,1.0,4.958333333333333,31.875
tuningsearch,2,0.0,1.5,5.5
uduzgun,5,0.0,0.8,4.8
ukashamart,3,0.667,1.0,1.3333333333333333
unlimiteddots,3,0.0,0.6666666666666666,13.0
unrivaled_fortress,32,1.0,1.5625,5.6875
us0r,4,1.0,1.0,3.75
vagadro,3,0.333,0.3333333333333333,19.0
vanity_arias,4,0.5,0.75,4.25
vigilant_jasmine,41,0.0,0.9512195121951219,1.3902439024390243
visita,31,0.968,1.7419354838709677,51.41935483870968
vivar_bolivar,2,1.0,0.5,3.5
vojtam,2,0.0,0.5,7.0
webdata_labs,75,1.0,2.56,7.373333333333333
websift,18,0.5,14.055555555555555,80.11111111111111
xhimatty,3,1.0,1.0,7.333333333333333
xquantify,2,0.0,0.5,10.5
yagamiyedan,9,0.0,0.0,2.0
yeekal,3,0.333,0.0,23.666666666666668
yumitori,6,0.667,60.833333333333336,64.83333333333333
zillowscraper,12,0.0,0.4166666666666667,1.8333333333333333
zuzka,14,0.143,0.21428571428571427,19.214285714285715
scraper-mind,192,0.0,3.703125,11.171875
scraper_guru,28,0.786,1.1428571428571428,7.785714285714286
scraperlink,2,1.0,740.5,81.5
scraping_samurai,3,0.0,0.3333333333333333,11.666666666666666
scraping_scrap,4,0.75,1.0,13.0
abdeljalil_bensoudane,3,0.0,2.0,10.0
accountable_eel,11,1.0,0.5454545454545454,6.818181818181818
accurate_pouch,17,1.0,0.7647058823529411,14.294117647058824
achieved_emancipation,6,1.0,0.5,3.5
achmadanam,2,0.5,0.5,18.0
actablesite,3,0.0,0.6666666666666666,5.333333333333333
actor4you,2,0.0,0.5,5.0
actor_researcher.48,6,1.0,0.5,4.333333333333333
actorfordge,2,0.5,0.5,4.5
actorzlab,4,1.0,4.0,3.5
adept-training-center,11,0.909,0.8181818181818182,1.1818181818181819
adored_ybounden,2,1.0,0.0,45.0
agentictools,27,0.963,1.0740740740740742,1.4814814814814814
agentworkflowlab,2,0.5,0.5,8.5
agentx,77,1.0,10.935064935064934,174.23376623376623
agoradelmediterraneo,12,1.0,0.9166666666666666,4.416666666666667
airy_mockup,3,1.0,0.6666666666666666,9.0
alijosecruz,2,1.0,0.5,22.0
alleserojje,5,1.0,1.0,2.8
aluminum_jam,8,1.0,1.625,8.0
aman_sng,2,1.0,0.5,7.0
amanatools,9,1.0,1.8888888888888888,4.444444444444445
amaranth_nylon,5,0.0,0.4,6.6
amrameng,9,0.889,2.2222222222222223,8.777777777777779
analytical_gratefulness,3,0.0,0.3333333333333333,6.333333333333333
antonio_espresso,6,0.0,0.3333333333333333,15.333333333333334
anyscrap,4,0.0,1.5,2.25
anyxsolutions,16,0.75,1.5,5.125
apt_marble,111,1.0,4.225225225225225,4.099099099099099
arjunannamalai,6,0.833,1.3333333333333333,1.6666666666666667
arlusm,6,0.0,1.0,24.666666666666668
arpitgandhi1934,10,0.9,0.5,11.3
artificially,11,1.0,4.363636363636363,8.545454545454545
assertive_laureate,2,0.0,1.0,5.0
augeas,3,0.0,14.666666666666666,85.0
automateitplease,2,0.0,4.5,4.5
automation_craft,11,1.0,1.6363636363636365,4.818181818181818
autonomous_pennywhistle,2,0.0,1.0,2.5
autosoldier,3,0.667,1.3333333333333333,41.0
b2b_lead_generation,24,1.0,1.6666666666666667,7.666666666666667
badruddeen,23,0.87,1.391304347826087,134.69565217391303
bebich,3,0.0,1.6666666666666667,23.0
benjarapi,7,1.0,14.428571428571429,8.285714285714286
bhansalisoft,118,0.161,2.169491525423729,41.73728813559322
big-brain.io,3,0.0,0.0,88.33333333333333
blagoysimandoff,3,1.0,1.3333333333333333,25.666666666666668
blaspat,4,0.0,0.75,7.25
bleffoo,5,0.4,0.2,16.8
blooming_gator,7,1.0,1.0,1.5714285714285714
blueberry_delicacy,4,0.0,0.5,2.25
bluewither,2,1.0,1.0,1.5
bnb_automation,5,1.0,0.0,2.0
boneswill,4,0.25,49.5,54.25
boring_internet_explorer,21,1.0,0.8571428571428571,4.095238095238095
braveleads,6,1.0,96.33333333333333,21.0
brilliant_gum,64,0.172,8.6875,23.0
buseta,20,0.8,3.15,25.65
caa_software,5,0.2,2.8,17.4
calm_builder,21,1.0,7.904761904761905,9.142857142857142
calm_necessity,14,0.929,0.5714285714285714,7.5
caring_dizi,3,1.0,1.0,101.66666666666667
carmine_tennis,3,1.0,1.0,3.6666666666666665
charlestechy,2,1.0,2.5,50.5
chartedsea,3,1.0,8.333333333333334,51.333333333333336
chiaosone,2,1.0,1.0,9.5
civicdataworks,31,1.0,1.032258064516129,4.516129032258065
clappi,15,1.0,42.333333333333336,11.266666666666667
claude_code_reviewer,38,1.0,1.4736842105263157,3.9210526315789473
code-node-tools,19,0.737,10.947368421052632,11.842105263157896
coder_luuffy,2,1.0,3.5,6.5
conceivable_extension,15,1.0,0.6,4.666666666666667
confidential_gnat,12,0.5,1.0833333333333333,2.4166666666666665
conscious_gecko,4,0.0,1.0,4.75
conserving_mastodon,15,1.0,1.0,1.4666666666666666
contextquarry,2,1.0,0.5,3.5
coolinbex,3,0.0,0.6666666666666666,2.6666666666666665
cosmic_country,3,1.0,0.0,12.0
crawland,3,0.0,0.3333333333333333,2.3333333333333335
crowdpull,17,0.176,11.470588235294118,15.352941176470589
crypto-scraper,5,0.4,5.8,47.2
curious_coder,44,0.455,449.22727272727275,77.02272727272727
cyber_orbit,2,0.5,0.0,9.5
cynix_dev,22,1.0,0.9545454545454546,14.090909090909092
dadaodb,3,0.0,1.0,14.666666666666666
data_drifter,5,1.0,0.2,3.2
databro,2,0.0,2.0,17.5
datacach,65,0.923,6.0,4.138461538461539
dataharvest,32,0.0,1.6875,1.90625
datasaurus,26,0.423,1.8461538461538463,20.76923076923077
datastorm,3,0.0,1.0,16.333333333333332
davidbenittah,31,0.903,0.9354838709677419,4.870967741935484
dead00,32,0.344,6.0,15.5625
decorative_chimta,2,0.0,1.0,9.0
dekaz,3,0.333,0.3333333333333333,5.666666666666667
devlory,3,1.0,0.0,38.666666666666664
devscrapper,3,0.0,63.666666666666664,33.0
dhruboai,2,0.5,0.0,9.5
dineshwadhwani,5,0.8,3.8,19.8
doesaiknow,24,0.958,8.5,14.083333333333334
doggo,6,1.0,8.5,30.333333333333332
doliz,2,1.0,54.5,57.0
donjuan_mime,10,0.2,2.8,12.0
dr.ollie,4,0.0,0.5,37.0
dr1ms,6,0.333,2.0,8.166666666666666
dromb,68,0.235,1.5,18.558823529411764
dudumoussa,2,0.5,1.0,8.5
duu261,3,0.0,1.0,2.3333333333333335
e-commerce,33,0.727,6.303030303030303,24.939393939393938
easyparser,8,0.625,3.125,7.75
ellustar,3,0.0,0.3333333333333333,2.0
emastra,11,1.0,12.0,11.454545454545455
endspec,19,1.0,5.157894736842105,5.947368421052632
enezli,30,1.0,0.6,3.3333333333333335
epctex,84,0.095,12.583333333333334,1257.8095238095239
equidem,3,0.0,1.3333333333333333,22.0
eshaam,8,0.0,0.5,6.625
eszetael_lab,6,1.0,1.8333333333333333,17.0
eternal_bucket,2,0.0,0.0,26.5
eunit,22,0.091,5.409090909090909,24.90909090909091
event-data-api,5,0.0,1.4,20.6
expanditumarca,5,1.0,5.6,45.4
exporter24,8,1.0,39.0,9.25
felt,9,1.0,3.111111111111111,5.222222222222222
fetchfinch,16,0.813,1.125,5.125
fetchwerk,4,1.0,1.0,3.25
flamboyant_leaf,7,0.0,0.8571428571428571,16.285714285714285
flintglade,25,0.16,1.0,2.8
fractalai,2,0.5,3.0,72.0
frank_conifer_af4,10,1.0,1.0,1.0
freecamp008,27,0.778,2.185185185185185,1.8888888888888888
fuchsblau,2,0.0,3.0,39.5
funny_electrician,25,1.0,0.96,2.12
funny_ground,17,0.0,1.0,12.882352941176471
funnyvalentine69,6,0.0,0.16666666666666666,4.0
geniuslead,3,0.0,2.3333333333333335,5.666666666666667
gganbukim,14,1.0,1.0714285714285714,13.714285714285714
gmtr,4,1.0,1.0,3.0
godberry,5,0.8,3.2,11.2
gomaps.pro,2,0.0,1.0,20.5
gomorrhadev,2,0.5,4.0,26.0
gravityzer0,2,0.0,2.0,3.5
grizzlygriff,2,1.0,6.0,58.5
groupbwt,2,0.5,0.5,6.5
guacamaya,2,0.0,0.5,5.0
halcyon_twine,3,1.0,0.6666666666666666,4.0
hanamira,11,1.0,1.4545454545454546,5.454545454545454
harvestlab,13,1.0,15.384615384615385,70.23076923076923
headlessagent,19,0.474,5.105263157894737,3.1052631578947367
hedelka,2,1.0,1.0,16.5
heenalr,2,1.0,0.5,3.0
hero98,2,0.0,0.5,7.0
hi_world,4,0.75,1.25,46.0
hirebase,10,1.0,6.5,5.2
hushvert,7,1.0,1.0,3.4285714285714284
ijaytelgote,2,0.0,1.0,14.5
inatanli,3,0.333,8.0,9.666666666666666
inexhaustible_glass,53,0.925,4.452830188679245,9.075471698113208
insta_scrapper,2,1.0,9.5,7.0
intelecta,5,0.0,2.2,9.0
interfaze,4,0.0,0.75,2.75
ironjellyfish,2,0.0,1.0,3.0
ivanvs,39,0.872,11.384615384615385,23.666666666666668
jamesrez,5,1.0,0.6,1.2
jannovotny,2,0.0,1.0,73.5
janseling,2,1.0,1.0,4.0
jindrich.bar,16,0.813,4.375,7.9375
jocadev,4,0.75,1.25,9.25
johnatan029,15,0.933,2.6666666666666665,11.133333333333333
josefbednar,3,1.0,1.3333333333333333,3.3333333333333335
joseolmedosotoaguirre,8,0.0,1.0,9.375
jungle_thunder,6,0.833,3.1666666666666665,7.5
k1ra,9,0.889,28.555555555555557,13.222222222222221
kada,3,1.0,1.0,10.666666666666666
kamerozkan,29,0.966,0.9655172413793104,16.82758620689655
kasidesk,3,1.0,0.6666666666666666,4.333333333333333
kayhermes,59,1.0,1.0169491525423728,3.5762711864406778
kaz_kakyo,19,1.0,6.0,14.052631578947368
kind_cordial,3,0.0,0.3333333333333333,46.333333333333336
kitschy_marigold,4,0.0,1.0,7.75
kittenish_brill,3,0.0,1.0,7.333333333333333
kjjkjjzyayufqza,2,0.0,0.5,5.0
korado_labs,9,1.0,0.8888888888888888,6.333333333333333
koreadatalab,2,0.0,1.0,1.5
kylianmbap,5,0.0,0.2,1.0
kyo_kou,2,1.0,0.5,14.5
lagic,3,1.0,10.0,111.33333333333333
lanky_quantifier,13,1.0,2.4615384615384617,9.461538461538462
lazpee.com,2,0.0,0.0,206.5
lazyscraper,5,0.4,13.4,45.6
lead_king,4,1.0,26.0,5.5
leadzen,5,0.0,4.0,4.8
leafy-dev-jr,10,0.4,2.2,18.5
leohryndev,5,1.0,0.8,6.8
leonguyen2808,4,1.0,1.0,8.25
lexonia,2,0.5,1.0,56.5
lhotanok,2,0.0,0.0,63.0
lighthouse_keeper,2,1.0,0.5,10.5
lightkong,9,1.0,3.0,17.333333333333332
linen_snack,14,0.214,7.785714285714286,17.285714285714285
listingdetective,2,0.0,1.0,10.5
liveclaude,7,1.0,1.7142857142857142,19.857142857142858
logical_vivacity,9,0.889,8.444444444444445,6.222222222222222
lonely_m,10,0.0,0.8,3.9
longanimous_bracken,30,0.9,0.7666666666666667,14.633333333333333
lovely_radiologist,10,0.9,0.8,12.4
lovely_sequoia,4,0.25,1.5,14.75
luckborn,3,0.0,1.3333333333333333,5.0
lukas-ebner,4,1.0,1.0,4.25
lurkapi,55,0.909,19.454545454545453,21.636363636363637
luzodi,3,0.0,0.3333333333333333,19.666666666666668
mabdulmoghni,2,0.0,1.0,19.5
macrocosmos,2,1.0,51.5,14.0
madoka_trendpulse,2,0.5,1.0,3.0
magicfingers,24,0.0,7.958333333333333,4.541666666666667
mamies,6,1.0,2.6666666666666665,10.666666666666666
mangudai,54,0.926,0.9814814814814815,1.537037037037037
manju4k,5,0.0,1.8,5.6
marceli,2,0.0,1.0,54.0
marsultor,2,0.0,6.0,10.0
martc03,27,0.519,1.1851851851851851,5.888888888888889
martellosystems,3,1.0,1.0,4.333333333333333
marvelous_lute,4,0.25,0.5,12.0
mellowed_headpiece,3,0.0,0.6666666666666666,15.666666666666666
menus-r-us,3,1.0,5.666666666666667,19.666666666666668
metaretica-owner,2,1.0,1.5,5.5
miccho27,17,0.882,3.176470588235294,7.647058823529412
michael_bloom10x,2,1.0,1.0,8.0
microtrica,3,0.0,0.3333333333333333,22.666666666666668
microworlds,4,0.75,334.0,120.25
mikechiou,6,1.0,1.0,2.1666666666666665
mikhail_k,3,1.0,1.0,11.333333333333334
minion_hub,2,0.0,0.0,13.0
misterkev,2,0.0,0.5,8.5
moganes,6,0.833,1.0,3.1666666666666665
mohamedgb00714,14,0.0,1.0714285714285714,11.214285714285714
monkey.d.scraping,5,0.8,2.0,27.0
mvpeav,5,1.0,0.2,3.0
nabeelbaghoor,86,0.988,1.0465116279069768,1.2209302325581395
nahom.network,2,1.0,2.0,34.5
naive_zing,3,1.0,2.0,33.666666666666664
natalietdg,4,1.0,1.0,13.75
natanielsantos,28,0.857,10.178571428571429,16.892857142857142
nesora,2,1.0,0.5,1.5
nestled_echo,2,0.0,0.5,32.5
nick.i,4,1.0,1.0,2.75
nintendo424,7,1.0,0.42857142857142855,5.428571428571429
nondescript_cord,3,0.0,0.0,1.6666666666666667
notus_lab,2,1.0,1.0,45.0
noximilian,3,0.0,0.6666666666666666,4.666666666666667
obedient_bookcases,2,0.0,2.0,4.5
obsidian937,14,1.0,1.0714285714285714,4.428571428571429
ocrad,22,0.955,1.8636363636363635,18.09090909090909
om_kh,61,0.0,0.9508196721311475,18.229508196721312
ootssu,4,0.0,1.0,5.0
opalescent_game,2,1.0,1.0,5.5
opalescent_junior,2,0.5,2.0,6.5
opalescent_quintet,2,1.0,0.5,5.5
openfrontier_ai,5,0.8,0.4,18.2
opportunity-biz,7,0.143,2.5714285714285716,36.42857142857143
osmateus,15,0.0,0.9333333333333333,5.666666666666667
p6t_p10n,2,0.5,0.5,3.5
pagerka,9,0.0,1.1111111111111112,2.3333333333333335
pat1987,3,1.0,1.0,5.666666666666667
pegai,3,0.0,4.0,2.0
peghin,2,0.0,0.0,15.0
peppy_clasp,3,0.0,0.6666666666666666,3.0
perceptr0n,10,0.9,1.4,8.1
peroxo,3,1.0,1.0,11.333333333333334
pipelinelabs,4,0.5,471.5,51.0
pizani,6,0.167,2.1666666666666665,30.333333333333332
plantane,10,1.0,0.6,4.5
potatopeeler,2,0.5,0.5,31.0
primeparse,11,0.636,1.0,9.818181818181818
problemsolver,2,1.0,0.5,8.0
prophed,22,1.0,1.0,365.54545454545456
puce_yapper,5,0.0,0.8,1.0
pyralislabs,4,0.5,1.25,6.0
quarterly_lettuce,2,0.0,1.5,2.0
ramman,5,0.0,1.0,32.0
reclarative_kernel,4,1.0,0.75,12.25
reefapi,9,0.0,3.0,3.111111111111111
regdata,36,0.667,3.3055555555555554,22.916666666666668
relevate,5,1.0,1.0,3.8
rex-law,5,0.2,0.8,3.6
rodrigo91,2,0.0,1.0,10.5
rodrigo_pacelli,2,0.5,1.0,17.0
sajjadstack,2,0.0,1.0,8.5
samer-samaha,3,1.0,1.0,4.666666666666667
samwise.agency,25,1.0,0.96,6.6
satish5813,2,1.0,1.0,5.0
sauliusautomatesit,8,1.0,1.625,3.25
sbzh,7,0.286,8.142857142857142,76.71428571428571
scary_good_apis,2,1.0,21.0,66.5
schesds,9,0.889,4.0,20.0
scralab,5,0.8,0.8,9.6
scrapapi,17,0.0,1.5294117647058822,3.9411764705882355
scrapeai,129,0.155,1.186046511627907,4.627906976744186
scraped_org,2,0.0,1.0,6.5
scrapeflow,53,0.0,1.509433962264151,3.0377358490566038
scrapio,98,0.01,2.306122448979592,6.428571428571429
scrapping_god,17,1.0,1.0,6.9411764705882355
sebastian-actors,6,1.0,1.0,6.333333333333333
sentimentalpha,2,1.0,0.5,4.0
seoreport.dev,2,0.0,0.0,4.5
sercul,10,1.0,6.2,35.4
seymon,2,0.5,1.5,24.0
sgforce,5,1.0,1.8,8.2
shahabuddin38,11,0.364,0.7272727272727273,19.727272727272727
shane_reich,2,0.5,0.5,10.0
signalengine,11,1.0,8.454545454545455,5.0
silentshadow55,7,0.857,1.2857142857142858,6.0
silicatelabs,2,0.5,16.5,8.5
simpleapi,148,0.014,3.5337837837837838,7.135135135135135
sirmax,2,1.0,1.0,6.0
skyline_scrapers,9,0.333,3.7777777777777777,11.444444444444445
sleek_waveform,11,1.0,2.1818181818181817,49.0
slothtechlabs,7,1.0,21.142857142857142,23.571428571428573
smrtai-ops,3,0.333,3.0,20.0
soboljem,3,0.0,1.3333333333333333,7.0
solutionssmart,25,0.88,1.16,33.16
spbotdel,2,1.0,5.5,17.5
spookyweb,30,1.0,0.8333333333333334,12.633333333333333
spry_headset,2,1.0,1.5,6.0
sunny_spade,3,0.333,0.3333333333333333,15.0
tehsnarf,56,0.768,0.9821428571428571,1.9107142857142858
texmt,2,1.0,0.0,28.5
that_red_bird,40,1.0,0.975,2.7
thequietstack,2,1.0,1.5,7.5
tikitakaclaw,10,1.0,0.3,8.1
timber_comeback,2,0.0,1.5,8.5
tomba-io,15,0.0,1.3333333333333333,11.466666666666667
tonic_waterfall,2,0.0,1.5,39.0
trantus,3,0.667,12.0,11.0
tri_angle,34,0.618,88.94117647058823,40.529411764705884
tropical_prune,6,1.0,3.1666666666666665,19.0
trovevault,115,1.0,2.2869565217391306,10.078260869565218
troy_007,8,1.0,1.0,2.625
truenorthdata,5,0.4,0.6,9.2
tubelens,4,1.0,7.75,17.75
ultramarine_freezer,4,0.25,1.25,58.75
uplifted_novice_vbl,3,1.0,1.0,11.666666666666666
useful-tools,10,0.0,2.8,17.3
uxinfra,3,1.0,0.0,4.333333333333333
vanagha,3,0.0,0.0,3.0
variable_nose_u5u,5,0.6,1.2,3.2
vaunted,4,0.75,7.25,21.5
victorl90,2,0.5,1.0,68.5
vivid-softwares,7,0.429,2.857142857142857,19.857142857142858
vladimir_trifonov,3,1.0,1.0,3.6666666666666665
vortex_data,9,1.0,75.55555555555556,111.88888888888889
wafspaul,5,0.0,1.2,5.8
wakey7dev,41,0.244,0.8048780487804879,3.0
weezard,3,1.0,1.0,13.333333333333334
wheat_tourist,9,0.778,0.8888888888888888,14.222222222222221
wickfeed,5,1.0,1.6,12.8
wilcode,5,0.2,12.0,47.2
wishful_knowledge,13,1.0,0.8461538461538461,10.846153846153847
woolen_snake,7,0.857,0.7142857142857143,7.428571428571429
worldunboxer,2,1.0,599.5,203.5
worshipful_knife,4,0.0,4.25,17.5
yeoso,6,1.0,1.0,1.6666666666666667
yizheng,2,0.5,0.5,10.0
yohan.kim,9,0.889,0.6666666666666666,2.0
yoloshii,3,1.0,3.0,26.666666666666668
zaden,11,1.0,1.0,3.4545454545454546
zerobreak,60,0.167,9.0,8.566666666666666
zilicon,6,1.0,0.8333333333333334,4.666666666666667
zippy_vector,2,0.0,0.5,20.5
scrapeforge,11,1.0,74.0,18.272727272727273
scrapegoats,2,0.0,0.5,11.5
scrapemind,13,0.308,2.3846153846153846,28.53846153846154
scrapewizard,3,1.0,0.6666666666666666,4.666666666666667
213x,5,1.0,1.2,1.0
account56,2,0.0,1445.5,13.0
agentify,40,0.0,4.225,5.925
agrawalheyramb,2,0.0,0.0,23.0
ai-developer,2,0.0,2.5,23.5
alamr,2,1.0,1.0,3.0
alkausari_mujahid,16,0.75,4.875,28.25
alwaysprimedev,30,0.967,1.7666666666666666,7.733333333333333
amdcode,2,0.5,2.5,4.0
and_krm,3,0.333,0.6666666666666666,19.666666666666668
anshumanatrey,13,0.846,11.846153846153847,8.846153846153847
apify,124,0.387,1642.4354838709678,591.983870967742
apigeek,4,1.0,1.75,54.0
apiharvest,13,0.0,6.076923076923077,10.846153846153847
apihq,8,1.0,11.875,3.0
apilabs,9,0.0,2.3333333333333335,17.77777777777778
apricot_blackberry,56,0.982,1.3392857142857142,10.732142857142858
arman-bd,73,0.863,0.3698630136986301,7.0
aspen-technology-labs-inc,29,1.0,1.3448275862068966,13.10344827586207
audit-data-solutions,3,1.0,0.6666666666666666,50.0
automia-admin,10,1.0,0.9,2.4
autonova,4,0.0,1.75,1.0
ax_dev,2,0.0,1.0,2.5
b2b_leads,32,0.906,1.78125,7.125
babak,3,0.0,0.0,119.0
backhoe,8,0.0,3.75,8.75
bala-ceg,4,0.0,0.0,3.0
bareezh_codes,2,1.0,4.5,1.5
betterscrapers,5,1.0,1.0,1.6
bigboring,25,0.0,0.08,9.28
bitdoze,3,0.0,0.6666666666666666,2.6666666666666665
bkktor,2,1.0,1.0,11.0
black_magic,3,1.0,1.0,7.333333333333333
blackfalcondata,210,0.51,16.538095238095238,48.39523809523809
blubberstick,2,0.0,4.0,1.0
bluephantom,2,0.5,0.0,45.5
bovi,233,1.0,4.377682403433476,7.789699570815451
bucil,5,0.0,3.2,22.6
build_matrix,3,0.0,15.0,15.333333333333334
burbn,74,0.622,14.013513513513514,3.3513513513513513
burly_bat,8,0.75,1.125,2.375
c4m3r0n808,10,1.0,0.9,9.8
caprolok,26,0.269,10.923076923076923,59.88461538461539
charlieakan,8,0.125,0.75,3.0
cherubic_snipefish,3,1.0,1.0,20.0
chimerical_quicklime,112,1.0,0.8571428571428571,2.2410714285714284
clura,6,1.0,1.1666666666666667,5.666666666666667
coderx,8,1.0,111.0,104.25
coding-doctor-omar,4,1.0,0.75,18.5
compass,5,0.6,8897.0,2143.4
consistent_tradition,2,0.0,0.0,3.0
constant_hyssop,2,1.0,1.0,4.5
cool_ya,4,1.0,1.0,1.5
copious_atoll,43,1.0,0.7441860465116279,1.7209302325581395
corpusculus,2,0.0,1.0,22.0
craftbox,2,1.0,1.5,6.5
crawloop,142,0.986,1.1338028169014085,7.415492957746479
creativault,3,0.667,3.6666666666666665,11.0
creatormagic,3,0.0,1.3333333333333333,18.333333333333332
cunning_soil,3,0.667,39.666666666666664,16.666666666666668
cyprusapi,20,1.0,0.95,5.7
dainty_screw,30,0.0,1.0,24.333333333333332
danrizea,2,0.0,0.0,11.5
data2b,3,0.0,0.6666666666666666,22.666666666666668
data_direct,65,0.0,1.4461538461538461,7.184615384615385
dataengineered,4,1.0,0.75,2.75
datahyena,6,1.0,6.5,25.666666666666668
datalab-market,2,0.0,1.0,6.0
datascrapers,30,0.533,0.6,2.0
datavoid,5,1.0,10.0,18.0
david.lukac,4,0.0,0.5,2.5
deep_zinc,2,0.5,1.0,15.5
deloni,3,0.0,0.0,13.666666666666666
desearch,3,0.0,4.0,21.333333333333332
dev-sinior,5,1.0,2.8,9.6
dev00,110,1.0,3.0,3.109090909090909
devon_gtme,23,0.913,1.565217391304348,5.913043478260869
devsef,6,0.167,1.3333333333333333,1.6666666666666667
diarmuidr,2,0.0,2.5,91.0
digispruce,3,1.0,8.0,23.0
dirtycode,4,1.0,1.0,18.25
dogmatic_eyepiece,3,1.0,1.0,9.0
dondata,2,0.0,0.0,7.0
drobnikj,10,0.0,2.4,39.7
e-asakura,9,0.0,0.0,1.2222222222222223
eduair94,4,0.75,55.75,14.0
eesti,11,1.0,0.9090909090909091,3.0
eliai,80,1.0,1.7875,12.6125
embion,3,0.0,1.3333333333333333,37.0
eneiromatos,10,0.0,1.0,6.8
enosgb,8,0.0,2.5,6.375
enrich-stream,2,0.5,6.0,95.5
entranced_gelato,9,0.0,1.1111111111111112,8.444444444444445
erinle_sam,2,1.0,1.0,15.5
eusluer.eu,2,0.0,5.5,6.5
excavator,4,0.0,1.25,44.25
exquisite_network_w50,3,1.0,1.0,1.6666666666666667
extractmaster01,5,1.0,1.0,31.0
fabriken2026,8,0.875,0.875,1.625
fadiil,3,1.0,1.3333333333333333,9.0
fearless_sarinda-owner,3,1.0,1.0,1.3333333333333333
federico_pasqualini,2,0.0,0.5,20.0
feeng,12,1.0,0.6666666666666666,6.0
fetch_cat,258,1.0,2.604651162790698,14.86046511627907
fetchcraft,34,0.824,0.8823529411764706,7.5588235294117645
ficuslink,2,0.0,0.5,5.0
flash_scraper,43,0.953,1.7674418604651163,16.558139534883722
frabi,2,1.0,0.5,1.0
freshactors,12,1.0,2.1666666666666665,17.916666666666668
fulfilled_enchilada,6,0.167,1.0,2.0
futurafree,4,0.25,5.5,41.0
futurizerush,58,0.897,26.482758620689655,32.05172413793103
fuyuki0,3,1.0,1.0,6.0
gabrielaxy,8,0.0,0.5,6.75
gentle_cloud,36,0.111,8.88888888888889,20.88888888888889
germane_binoculars,2,0.5,0.0,29.0
getdataforme,1523,0.785,0.9514116874589625,5.14510833880499
getwally.net,2,1.0,23.5,33.0
glitchbound,57,1.0,1.1228070175438596,17.385964912280702
gp005,10,1.0,1.1,6.2
groundtruth,2,0.0,1.0,5.5
growth_wizard,2,1.0,1.0,49.5
guangyi,2,0.0,0.0,3.0
h4sh,6,0.5,3.6666666666666665,15.166666666666666
hanatsai,5,0.0,0.6,2.2
hanyuanchen08,3,1.0,1.0,2.6666666666666665
happyendpoint,10,1.0,3.1,10.5
happyfhantum,35,0.971,0.22857142857142856,6.371428571428571
harsh719,2,0.5,3.0,6.0
hermann_samimi,5,1.0,6.6,45.6
hermesexp,7,0.0,1.0,1.8571428571428572
hgservices,54,0.815,5.277777777777778,12.314814814814815
highbrow_fame,2,1.0,4.5,48.5
hitujino56,2,1.0,0.5,2.0
hoang_minh_quan,5,1.0,1.0,9.6
hoholabs,18,0.611,1.6111111111111112,12.0
hyperbach,11,1.0,8.272727272727273,18.0
imdeiviz,2,1.0,1.0,3.5
influship,7,1.0,9.285714285714286,10.0
ingeniela,2,0.0,4.0,6.0
inquisitive_magnolia,5,0.6,1.0,7.8
integrative_tangent,7,1.0,2.7142857142857144,12.142857142857142
intelligence.house,3,0.0,0.3333333333333333,1.0
ionbelei549,2,1.0,0.5,16.0
irreplaceable_zest,2,1.0,1.5,13.5
iskander,8,1.0,25.875,22.875
iskoren,4,1.0,0.75,3.25
isolovyev,11,0.0,3.272727272727273,28.363636363636363
jaafahmy,3,0.0,1.3333333333333333,6.0
jakedata,3,1.0,0.3333333333333333,7.333333333333333
jeweled_jockstrap,5,0.0,0.8,1.0
jiri.spilka,6,0.0,8.166666666666666,32.5
johnlenflure,15,0.0,0.9333333333333333,8.333333333333334
joseforo,2,0.0,0.5,5.0
junipr,251,0.924,0.9641434262948207,10.282868525896415
k0nkupa,19,1.0,0.9473684210526315,1.6842105263157894
kae3nn,2,0.0,0.0,13.5
kael_odin,2,0.0,3.5,6.5
kinaesthetic_millionaire,33,0.242,2.8484848484848486,4.636363636363637
kingii98,8,0.875,1.0,3.25
klondikeking,58,1.0,0.8275862068965517,4.293103448275862
knotless_cadence,32,0.0,0.875,8.4375
krawlify,6,0.333,3.0,2.5
kuromaro,5,0.6,0.4,3.2
lavender_whistle,10,1.0,1.0,2.3
leadforge412,2,0.5,1.5,10.5
leadproof,3,1.0,1.6666666666666667,9.333333333333334
leadstrategus,4,1.0,0.5,20.75
leandrocb88,3,1.0,1.6666666666666667,10.666666666666666
lhotanova,6,0.0,7.333333333333333,46.5
linkedintel-core,3,1.0,14.0,6.666666666666667
liul,4,0.5,1.5,9.0
lizaraco,13,1.0,1.8461538461538463,5.076923076923077
lokki,9,1.0,3.0,8.333333333333334
lurid_alley,2,0.5,0.5,4.5
m3web,39,0.436,0.9487179487179487,24.28205128205128
m_ctim,70,0.071,0.8857142857142857,1.5285714285714285
maarlon,4,1.0,0.75,8.0
malekh,21,1.0,1.0,4.904761904761905
maria.f,6,0.0,0.16666666666666666,2.0
mattdef,7,1.0,1.4285714285714286,2.7142857142857144
maxcopell,5,0.8,679.8,574.4
mbeato,5,0.0,0.2,1.2
mcdowell,7,0.0,1.0,16.0
mentat-logic,5,0.2,0.4,12.4
mikolabs,45,0.556,5.266666666666667,26.666666666666668
mindseter,2,0.0,0.5,38.5
monteva,2,0.5,1.0,9.5
mpg_agents,2,1.0,0.0,6.5
mrahil,3,0.0,1.0,4.666666666666667
mrjerry,3,0.0,1.3333333333333333,1.3333333333333333
mtnrabi,2,1.0,12.5,20.5
muddy_snowshoe,2,1.0,1.0,1.0
muhammadafzal,168,0.0,0.7619047619047619,8.93452380952381
mukedlii,9,1.0,0.4444444444444444,4.333333333333333
mukeshrana90,8,1.0,3.375,22.125
muscular_quadruplet,19,0.947,1.1578947368421053,5.2631578947368425
myro-e54de05da1,2,0.0,1.0,16.0
nazar,7,0.0,0.14285714285714285,2.2857142857142856
nick.cheng,3,1.0,1.0,11.666666666666666
nmanerikar,2,0.5,1.5,3.5
novel_virginiacreeper,2,1.0,0.5,6.5
novi,23,0.348,27.52173913043478,39.69565217391305
ntriqpro,47,0.617,12.170212765957446,7.914893617021277
omkar-cloud,5,0.8,3.0,6.2
opendata-labs,10,0.0,0.7,2.1
orkait,5,1.0,1.0,19.0
oussemafr,3,0.0,2.3333333333333335,152.0
overpowered,5,0.0,18.8,14.2
ovular_cappuccino,3,1.0,1.0,7.0
paco_nassa,3,1.0,3.3333333333333335,13.666666666666666
painless_tweet,3,0.0,0.3333333333333333,30.0
parvenu,3,1.0,36.666666666666664,15.333333333333334
paul-dev,3,1.0,0.0,5.0
paxiq,2,0.5,15.5,2.5
peak050423,17,0.0,1.8235294117647058,8.058823529411764
peakydev,6,0.833,176.5,123.5
pequod-labs,8,0.875,13.0,21.75
pimperp,2,0.0,8.5,38.0
pink_comic,139,1.0,1.8489208633093526,6.741007194244604
pintostudio,126,0.135,22.42063492063492,4.888888888888889
piotrv1001,214,0.822,5.070093457943925,3.7289719626168223
pocesar,18,0.0,1.9444444444444444,34.0
pramodkonde17,5,0.8,3.4,3.2
preservable_mocha,4,1.0,1.0,2.0
prodiger,32,0.906,6.0625,5.34375
programmx,4,1.0,1.25,15.0
project_bbb,3,0.0,0.3333333333333333,11.333333333333334
prolific_hoopoe,2,1.0,1.5,4.5
proscraper,7,0.429,1.8571428571428572,25.285714285714285
prospect_camel,2,0.5,0.5,19.0
pryzmlabs,2,1.0,8.0,17.5
pulsedata,7,1.0,1.0,3.142857142857143
punctual_understanding,2,1.0,1.0,1.5
quaking_pail,9,0.0,0.7777777777777778,52.666666666666664
quarterly_jingo,124,0.04,0.8145161290322581,1.0564516129032258
quietrelay,2,1.0,1.0,6.5
rakame,2,0.5,0.5,12.5
rdx1s,2,0.0,0.5,9.0
registryfeeds,12,0.417,0.5833333333333334,19.25
richigga,7,0.0,1.0,1.8571428571428572
salahboussettah,4,1.0,0.75,1.75
salmanrajz,4,0.25,1.75,15.25
samuel_fan,3,1.0,0.6666666666666666,32.333333333333336
sashaebashu,33,1.0,1.9696969696969697,14.090909090909092
sasky,12,1.0,9.166666666666666,60.666666666666664
satyamg_py,3,0.667,0.6666666666666666,2.6666666666666665
scrapedrift,33,0.0,2.515151515151515,1.121212121212121
scrapium,40,0.0,1.05,4.15
scrapper-master,3,0.0,0.0,3.6666666666666665
scrupulous_waterbird_m4w,20,0.0,1.0,3.0
searchapi,122,0.0,1.0737704918032787,3.5655737704918034
seibs.co,80,0.963,2.275,10.9125
selective_explorer,2,0.0,0.0,2.5
sentinel-moderation,2,0.0,0.0,10.5
serpdownloaders,77,0.0,1.5064935064935066,4.012987012987013
shiftyllama,5,1.0,0.6,5.6
signalflow,8,1.0,2.625,15.875
slash-scrape,5,0.0,1.8,29.6
smacient,12,0.667,9.0,22.833333333333332
solid-scraper,197,0.0,0.949238578680203,1.8172588832487309
solidnorthsmartsolutions,3,1.0,0.0,1.0
sophisticated_zythum,2,0.5,3.5,10.0
sourabhbgp,51,1.0,10.745098039215685,19.254901960784313
soyjb,2,0.0,1.5,12.5
spencers,2,0.0,1.0,15.5
srd836,4,1.0,0.75,7.75
stanvanrooy6,10,0.0,1.5,16.9
steadycrawl,2,1.0,1.0,3.5
styleindexamerica,80,0.0,0.65,9.4
successful_nonagon,2,0.0,0.0,26.0
supermiojo,19,0.0,0.3157894736842105,6.894736842105263
swerve,52,0.058,5.269230769230769,20.923076923076923
thedataloom,2,1.0,2.5,10.0
thepattyroller,10,0.0,0.9,1.5
thescrapelab,54,0.981,2.5555555555555554,39.05555555555556
thisismegant,4,0.0,1.5,9.5
tictechid,5,0.8,30.0,83.8
timely_algorithm,9,0.889,0.4444444444444444,1.3333333333333333
tinymind,2,0.5,1.0,2.0
toolzerhub,92,1.0,1.4456521739130435,9.608695652173912
transparent_meteorite,2,1.0,1.5,6.5
trudax,9,0.444,791.3333333333334,187.11111111111111
twittapi,5,0.0,0.6,7.4
tzmyk,4,0.0,1.0,1.75
unfenced-group,292,0.962,2.8493150684931505,48.69178082191781
unlimitedleadtestinbox,30,0.3,2.933333333333333,5.733333333333333
valev-lab,2,1.0,1.0,7.0
vernacular_reservoir,26,0.038,0.7307692307692307,2.3076923076923075
virtual-constructs,4,1.0,0.75,7.5
vistics,10,0.6,9.5,26.1
vivek_sukhadiya,3,0.0,0.6666666666666666,1.6666666666666667
vivid.travelogue,3,1.0,0.0,18.666666666666668
vkuprin,2,1.0,0.0,10.5
vladignatyev,10,1.0,0.8,2.6
vybe,45,0.0,0.8444444444444444,1.0
webdatalabs,32,0.906,10.53125,32.09375
webm,2,0.0,1.0,18.5
weiseer,3,1.0,1.0,2.3333333333333335
weltverbenzer,3,1.0,1.0,1.6666666666666667
werednalux,2,0.5,0.5,3.5
wfh_scout,8,1.0,1.125,1.625
whoareyouanas,11,1.0,45.45454545454545,13.363636363636363
wild_equipment,3,0.0,0.0,7.0
wingless_bulb_qcc,5,0.0,0.6,1.0
xavier_rx,6,1.0,0.8333333333333334,3.8333333333333335
xpoz,5,0.0,0.8,7.0
xqfech,7,1.0,1.0,3.4285714285714284
xquik,11,0.091,87.0909090909091,88.9090909090909
yabanana99,4,1.0,1.5,3.5
yifan897645,2,0.0,2.0,6.5
yogen48-owner,3,0.667,0.6666666666666666,9.333333333333334
zadexinho,17,0.471,2.6470588235294117,5.470588235294118
zenolvepro,17,0.941,0.8235294117647058,2.823529411764706
zhorex,36,0.944,16.88888888888889,20.5
zinc_grill,2,1.0,1.0,8.5
scrapeflux,34,0.0,1.0588235294117647,1.0
scrapeify,9,0.889,4.333333333333333,9.666666666666666
scrapelabmax,2,1.0,3.5,10.5
scraper_master,2,1.0,0.5,12.0
scrapers-hub,228,0.022,1.3991228070175439,9.179824561403509
scrapeunblocker,4,1.0,18.75,21.25
scrapier,147,0.0,3.258503401360544,7.374149659863946
scraping_crew,7,0.857,0.7142857142857143,22.714285714285715
10emmmm,2,0.5,0.0,17.0
6sigmag,14,1.0,14.071428571428571,12.642857142857142
abch_bramha,3,1.0,0.3333333333333333,7.0
abhi72,2,1.0,0.0,6.5
acia,6,1.0,0.8333333333333334,9.333333333333334
actorify,5,1.0,0.6,21.4
actually_good_at_this,2,1.0,0.0,11.5
addeus,8,1.0,2.625,78.0
adinfosys-labs,9,0.778,1.3333333333333333,37.333333333333336
adside,2,0.0,7.0,18.5
agentflow,7,1.0,7.0,2.857142857142857
ai-scraper-labs,4,0.25,0.25,37.25
aitooolsmax,2,0.5,11.0,7.0
akatsuki-eren,2,0.5,1.0,16.5
alien_force,18,0.056,9.166666666666666,18.5
alpha-scraper,133,0.008,1.255639097744361,17.278195488721803
amassuo,5,0.8,1.2,4.2
ambitious_silo,9,0.889,1.3333333333333333,8.444444444444445
ankitsharma_29,2,0.0,0.5,12.0
antonio_cesar,10,0.4,4.9,30.5
apibox,11,0.0,1.5454545454545454,6.0
apikiy,14,1.0,0.35714285714285715,21.785714285714285
appealing_jingle,7,0.714,2.2857142857142856,11.142857142857142
appkittie,5,0.4,1.2,8.2
architjn,12,0.917,8.416666666666666,5.416666666666667
arjun_code,2,1.0,1.5,5.0
arkayen-labs,2,1.0,1.0,7.0
astronomical_lizard,2,1.0,0.5,10.0
atha2026,2,0.0,0.0,1.0
atif176,3,0.0,0.3333333333333333,10.666666666666666
atomus,15,1.0,27.933333333333334,30.4
autodomme,2,0.0,0.5,9.0
automation-lab,819,0.979,12.072039072039072,8.748473748473748
ayeeyee,30,1.0,1.0333333333333334,13.4
ayk_6789,7,0.429,4.857142857142857,42.0
bares43,5,0.0,1.2,3.4
beautifulscrape,3,0.667,3.3333333333333335,7.333333333333333
beneficial_xanthophyta,2,0.0,1.0,150.0
berkaydev,8,0.625,1.625,20.25
bestscrapers,20,0.45,154.45,10.2
betterdevsscrape,3,1.0,26.666666666666668,64.66666666666667
bigjoecoding,2,0.0,0.0,2.5
bisketapis,3,1.0,1.0,5.333333333333333
black_rose,2,0.0,1.0,10.5
blue_puppy,2,0.5,2.5,11.0
bluefin,2,1.0,1.0,1.5
bohard,2,0.0,0.0,2.0
botflowtech,26,0.731,2.076923076923077,5.730769230769231
boztek-ltd,6,1.0,30.333333333333332,55.5
brasil-scrapers,14,0.214,1.0714285714285714,16.214285714285715
brasildados,41,0.024,2.4634146341463414,18.829268292682926
brazen_vanguard,2,1.0,1.5,58.5
brunofin,33,0.606,0.8787878787878788,2.1515151515151514
buff_pineapple,8,1.0,6.5,36.5
caffein.dev,5,0.6,106.8,36.2
chamarix,23,1.0,0.9565217391304348,9.043478260869565
chazee,2,1.0,2.0,7.0
chriskelch77,2,0.0,0.0,37.5
chronometrica,34,0.912,9.558823529411764,40.14705882352941
ciel_labs,2,0.0,1.5,1.5
city-in-the-sky,2,0.5,1.0,2.0
civicrows,3,1.0,1.0,5.666666666666667
claygenius,20,0.2,1.75,12.2
cloud9_ai,73,1.0,1.9863013698630136,6.726027397260274
cloudcharlestom,8,0.25,0.875,16.0
cockroachapi,2,0.5,10.0,15.0
cocoa_cherry,9,1.0,1.0,8.11111111111111
code_crafter,6,0.0,500.8333333333333,16.166666666666668
codeclouds,34,1.0,0.8823529411764706,6.852941176470588
codingfrontend,237,0.038,1.9578059071729959,6.7215189873417724
commonelements,2,1.0,2.5,3.0
conduit,11,0.091,0.8181818181818182,2.909090909090909
constructive_calm,28,1.0,8.964285714285714,14.392857142857142
consummate_joy,5,0.4,2.2,49.2
corvuslab,26,0.923,1.0384615384615385,8.307692307692308
cottony_brittlegill,3,1.0,1.0,6.0
creation,7,0.286,3.2857142857142856,29.0
credible_sandal,5,0.8,1.2,26.2
crimson_rock,2,0.0,1.5,29.0
crucial_binoculars,6,0.5,2.0,17.166666666666668
dakheera47,2,0.0,3.0,6.0
danielmachad,3,1.0,1.0,8.666666666666666
danng,14,0.143,1.0,9.785714285714286
data_api,127,1.0,0.889763779527559,2.7086614173228347
data_pool,3,0.667,3.0,16.0
datablow,9,0.222,4.0,25.444444444444443
datadoping,26,0.846,100.34615384615384,10.346153846153847
datakura,3,1.0,0.6666666666666666,3.0
datalayer,18,1.0,1.0,2.888888888888889
datamagnet,67,1.0,2.4029850746268657,7.656716417910448
datamule,102,1.0,0.696078431372549,1.9607843137254901
dataovercoffee,4,1.0,88.25,51.0
datapilot,110,0.018,1.0363636363636364,5.0
dataquarry,10,0.8,0.7,8.5
datascraperes,38,1.0,1.736842105263158,13.81578947368421
datasiphon,2,0.0,1.0,59.5
datavoyantlab,16,0.5,29.625,38.9375
datawell,10,1.0,1.1,3.8
david_flagg,7,0.143,0.42857142857142855,7.571428571428571
davidsharadbhatt,9,0.444,16.0,52.111111111111114
defenestrator,3,1.0,1.0,5.666666666666667
delectable_incubator,485,0.014,0.8412371134020619,1.9051546391752576
delicious_zebu,38,0.553,19.81578947368421,26.0
devaditya,2,1.0,0.0,12.5
dexterous_material,4,1.0,0.5,22.5
dominic-quaiser,12,0.417,5.083333333333333,39.5
don.eich,4,0.0,1.5,1.0
eager_cornet,4,1.0,0.25,19.75
easy_scraper,11,0.545,6.818181818181818,11.727272727272727
easyapi,492,0.152,8.558943089430894,10.552845528455284
ecomscrape,325,0.077,1.1446153846153846,4.8707692307692305
edgesignals,2,1.0,1.0,4.0
electrifying_haircut,3,1.0,5.333333333333333,49.333333333333336
elliotpadfield,10,1.0,1.5,4.4
ely_source,3,1.0,3.3333333333333335,8.666666666666666
extractify-labs,17,1.0,54.411764705882355,10.529411764705882
extractkit,5,1.0,0.8,4.2
exuberant_billboard,2,0.0,1.0,1.0
exuberant_volley,10,0.0,1.1,4.2
fabrikit,5,1.0,1.0,2.2
fascinating_lentil,50,0.9,1.6,14.82
felixgoldwin,3,1.0,0.6666666666666666,8.666666666666666
fetchclub,4,0.0,7.75,61.75
fetchcraftlabs,9,0.667,2.4444444444444446,8.777777777777779
fiery_dream,30,1.0,0.6,5.033333333333333
filip_cicvarek,7,0.286,9.285714285714286,61.57142857142857
fit_melon,50,0.04,0.94,2.46
floydyra,2,0.5,1.0,11.5
fortunate_favorite,2,1.0,0.5,14.0
forward_dinosaur,2,0.0,56.5,29.5
foxk1996,10,1.0,1.0,1.6
freshdata,18,0.5,119.05555555555556,13.11111111111111
friendlyapi,5,1.0,0.8,18.8
gastronomic_desk,3,0.667,0.3333333333333333,11.666666666666666
georgy.malanichev,6,0.667,1.3333333333333333,5.666666666666667
ghostgrid,18,0.056,0.8888888888888888,8.166666666666666
gio21,378,0.992,3.6560846560846563,3.886243386243386
goontilldawn,4,0.0,1.0,2.25
gordian,11,1.0,20.818181818181817,10.363636363636363
great_saint,7,0.857,1.5714285714285714,3.0
gtgyani206,10,1.0,6.3,11.6
gurify,6,1.0,0.8333333333333334,1.5
han-projects,4,1.0,5.5,15.0
harry.automazione,5,1.0,1.2,29.4
harvestedge,18,0.667,1.0,2.888888888888889
harvexa,2,1.0,1.5,17.0
heliotrope_partridge,2,0.0,0.5,1.0
hello.datawizards,166,0.867,1.3795180722891567,7.090361445783133
hexa-api,2,1.0,1.5,9.0
hidayat-ethum,2,0.0,1.0,17.0
hodayfaell,3,0.667,0.6666666666666666,8.666666666666666
hondzyk.suda,2,0.0,1.0,65.0
hospitable_easel,2,1.0,1.0,4.0
hung_pham_manh,4,0.5,0.5,6.5
hyperdata-labs,2,0.0,0.5,2.5
i-scraper,10,1.0,11.4,18.3
iammienta,5,0.0,1.0,3.0
ianymu,25,0.0,0.72,1.44
ib4ngz,13,0.0,1.8461538461538463,5.461538461538462
icypeas_official,3,0.0,43.333333333333336,32.0
imageaibot,3,1.0,6.333333333333333,33.0
industrious_emphasis,3,0.333,1.0,7.0
infinite_crow,3,0.667,1.0,5.0
infinity_and_beyond,5,0.0,1.6,6.0
inquisitive_sarangi,5,0.2,0.8,44.8
integrative_operative,2,0.0,0.0,31.5
intellisell.ai,2,1.0,1.0,16.0
iridiumsoftworks,2,1.0,1.0,6.0
isotonic,19,0.0,1.0526315789473684,2.6315789473684212
itayekk1,5,0.0,1.4,8.4
ivosandoval,8,1.0,0.75,4.125
jacksu,53,1.0,0.9811320754716981,1.9622641509433962
jamhimself,35,1.0,2.342857142857143,6.142857142857143
jan_kirchner,2,1.0,1.0,11.0
jchame,2,0.5,2.0,42.5
jdtpnjtp,25,1.0,5.16,12.76
jgdata,4,1.0,0.75,1.75
jobito,5,1.0,1.2,1.8
josrade,3,0.667,1.0,4.666666666666667
jowi,2,1.0,0.0,4.0
jp-data-engine,5,1.0,1.0,2.0
jprime,2,1.0,1.0,12.5
judicial_zircon,2,1.0,0.0,3.5
junglee,6,1.0,708.0,1389.6666666666667
justfeel,9,0.444,1.0,4.111111111111111
kaizu,2,1.0,2.0,6.0
kalirobot,7,0.857,3.857142857142857,34.285714285714285
kasimba,4,1.0,0.75,15.0
kazkn,18,0.722,9.722222222222221,60.77777777777778
kdatafactory,39,1.0,0.9487179487179487,4.0256410256410255
keen_doughnut,2,0.5,1.0,19.0
kingscraper,24,0.0,1.0416666666666667,11.625
klinzinger,2,1.0,0.0,3.5
kmiloaguilar,3,0.667,1.6666666666666667,17.0
knobby_wallpaper,3,1.0,1.0,12.666666666666666
knotless_balaclava,5,0.0,1.2,2.4
kuantum,8,0.75,0.5,11.625
latinamericadata,47,0.064,1.4680851063829787,6.148936170212766
lead.gen.labs,68,0.691,1.0294117647058822,14.205882352941176
lead_maker,2,0.5,1.5,17.0
leadercorp,4,1.0,15.75,19.25
leadharbor,7,0.286,2.857142857142857,2.2857142857142856
legaltech,29,1.0,4.344827586206897,8.0
lenient_grove,8,1.0,7.25,13.625
leopoldsaint,3,1.0,1.3333333333333333,5.0
lewxiangang,2,0.5,2.5,11.5
lisbuenas,5,0.6,1.6,7.4
listless_adzuki,5,0.2,0.2,4.2
lmfamao,2,1.0,1.5,10.0
logiover,340,0.988,3.179411764705882,16.358823529411765
lone_neutrino,3,0.0,2.0,4.333333333333333
loopwalker-owner,5,1.0,0.8,3.0
lucascode,6,0.0,0.8333333333333334,4.0
lucen_data,3,0.0,1.0,9.333333333333334
lukas.holona,2,0.0,0.5,8.0
luminar,3,1.0,0.6666666666666666,34.0
lxraa,5,1.0,1.0,3.6
m_mamaev,2,1.0,121.0,88.0
mai_amm,29,0.586,1.7241379310344827,16.551724137931036
makerechowu,3,0.0,0.3333333333333333,13.333333333333334
making-data-meaningful,61,0.033,1.278688524590164,12.049180327868852
mambalabs,36,0.944,2.5,16.72222222222222
mansalabs,3,1.0,0.6666666666666666,2.0
marcel-rbro,2,0.0,0.5,3.0
masked_hacker,10,1.0,2.0,1.5
matthewjames,5,0.0,2.2,80.4
maximedupre,328,1.0,4.277439024390244,22.015243902439025
maximus242,2,0.5,1.5,5.0
maydit,15,1.0,0.8666666666666667,3.6666666666666665
mayno,2,0.5,1.5,32.5
mdataset,2,0.5,3.0,5.0
meavisaai,2,0.5,6.5,12.5
miketheminer96,2,0.0,1.0,21.5
milburn-automations,3,0.0,0.0,9.0
mina_safwat,33,0.758,3.727272727272727,15.393939393939394
minako-ph,8,1.0,1.125,3.375
minty_modesty,4,1.0,1.0,3.25
misterkhan,7,1.0,6.857142857142857,22.857142857142858
modular_enrichment,2,1.0,1.0,1.0
molded_mountainpass,2,0.5,1.0,43.0
monema,16,1.0,0.625,4.125
monolithdread,2,1.0,1.0,3.0
moving_beacon-owner1,326,0.908,3.355828220858896,10.524539877300613
mrarcode,4,1.0,1.5,7.75
mshopik,323,0.0,0.9040247678018576,6.232198142414861
muhammetakkurtt,91,0.736,20.791208791208792,24.032967032967033
mumagdy,2,0.0,0.5,22.5
nanare-sudo,3,1.0,1.0,5.666666666666667
natasha.lekh,4,0.0,0.0,2.0
naz_here,2,0.0,0.5,41.5
netdesignr,8,1.0,2.0,36.25
neuton,100,0.99,1.06,4.04
nexcrawl,2,0.0,2.5,5.0
nimait,2,1.0,1.0,5.0
nocodeventure,24,0.708,2.5,23.625
notarobot,2,0.5,1.5,10.0
oday,2,1.0,19.5,11.5
oguzcankaraman,8,0.875,1.0,1.25
olympus,6,0.833,45.666666666666664,73.66666666666667
onetapstudio,5,0.0,3.6,3.8
oodoow,6,0.5,1.6666666666666667,33.333333333333336
orbitai,31,0.871,0.967741935483871,4.935483870967742
oski,5,1.0,2.6,4.6
pandaxpanther,4,1.0,1.0,3.25
panjan,4,0.25,1.25,11.0
parkero,5,0.0,1.0,1.2
pear_today,2,1.0,2.0,3.5
pentababy,2,1.0,1.0,1.5
petr.volf,8,0.0,1.0,5.625
petrpatek,5,0.0,0.8,34.6
phantom_coder,6,1.0,5.333333333333333,54.333333333333336
phoenix2810,34,0.294,1.0,1.5294117647058822
pimi_dev,4,1.0,0.75,5.0
piposlab,10,1.0,1.6,2.3
pixel_drafter,2,1.0,0.0,19.5
plastic_warrior,2,0.0,0.5,5.5
pohjastudio,5,1.0,1.0,2.4
powerai,308,0.438,5.113636363636363,4.12012987012987
pranayjsathish,2,0.0,1.5,5.0
pratikdani,49,0.918,31.653061224489797,11.040816326530612
prometheusagency,8,0.0,0.625,1.75
propertyapi,24,0.0,0.5,2.625
pure_matai,2,0.5,0.0,10.5
qaseemiqbal,23,1.0,1.608695652173913,10.695652173913043
quietparse,3,1.0,1.3333333333333333,5.666666666666667
rambunctious_fingerprint,22,0.0,1.0909090909090908,4.181818181818182
ramzi.slim201,2,0.0,0.5,21.5
rdan99848,9,1.0,1.6666666666666667,1.7777777777777777
readable_slash,3,1.0,1.0,13.0
redoubtable_bubble,5,0.0,3.0,48.4
replexa,2,1.0,1.0,10.0
rexreus,12,0.5,1.5833333333333333,18.75
riceman,5,0.6,56.2,47.0
riseandcode,4,1.0,14.5,24.5
rizh,2,0.5,1.0,21.0
robin.geekydev,6,1.0,1.0,2.5
room_js,6,1.0,1.3333333333333333,27.166666666666668
royal_xenomorph,2,0.5,0.0,6.5
rp_openpro.ai,11,0.909,7.090909090909091,22.09090909090909
ruturaj04,3,1.0,0.6666666666666666,8.0
s1syphus9,2,0.5,1.0,3.5
salem5077,3,0.667,1.3333333333333333,10.666666666666666
salesmart-srl,9,0.667,0.2222222222222222,43.888888888888886
samurai_hart,2,0.0,1.0,2.5
sandaliaapps,12,0.333,0.75,7.666666666666667
sassy_labs,3,1.0,1.3333333333333333,3.0
scalloped_scotspine,3,0.0,0.3333333333333333,9.666666666666666
schmarta,3,0.0,0.0,2.3333333333333335
scrape_flux,2,0.5,0.5,6.5
scrapecraft,2,1.0,2.5,9.0
scrapingmonkey,34,1.0,1.0,2.323529411764706
scryptex_labs,8,1.0,0.875,3.125
seashell_knighthood,2,0.0,1.0,14.0
sellez,2,0.0,1.0,8.5
serp.cheap.ofc,14,0.857,1.7857142857142858,8.428571428571429
shhh_lab,2,0.5,3.0,12.5
shipsatnight,4,0.75,1.0,4.0
shirant,2,0.0,0.5,39.5
sian.agency,256,0.996,10.71875,19.36328125
signalgrove,2,1.0,0.5,4.5
simple.actors,7,1.0,1.0,16.285714285714285
skipper_lume,11,1.0,2.272727272727273,14.090909090909092
skootle,40,1.0,1.65,10.425
skunkattack,2,0.5,1.5,24.5
sleeze22,3,0.0,0.6666666666666666,4.333333333333333
snapperwapper,20,0.0,1.0,2.85
solidcode,453,1.0,5.8322295805739515,8.22075055187638
sovanza.inc,30,0.3,1.7,55.733333333333334
spiders,2,0.0,0.0,13.0
splendorous_astrolabe_xs9,7,1.0,1.0,4.571428571428571
startuphub,14,0.0,1.0714285714285714,1.3571428571428572
straightforward_understanding,12,0.083,1.0,23.166666666666668
streaked_patty,2,0.0,0.5,1.0
surefetch,2,1.0,4.0,5.5
szoni,3,0.0,3.6666666666666665,2.6666666666666665
tagadanar,84,0.857,1.369047619047619,9.273809523809524
tatoxqui17,2,1.0,0.5,10.5
techforce.global,41,0.146,2.4146341463414633,20.390243902439025
tempting_finch,4,0.5,1.75,7.25
thejoshualab,2,0.0,0.0,26.5
themineworks,124,0.815,5.991935483870968,15.483870967741936
thenetaji,115,0.939,6.6695652173913045,12.895652173913044
thodor,16,1.0,9.6875,25.4375
timely_quarterstaff,10,1.0,0.9,6.5
timgreen,4,0.5,2.25,22.75
transcriptdl,10,0.0,1.0,6.8
trisert,9,0.778,1.0,18.22222222222222
tstark84,15,0.0,1.0666666666666667,1.0
ultimate,4,1.0,2.25,8.25
unicentrocucuta,8,0.875,1.0,3.75
user-jxqocdpplm4gwu5iz,2,0.0,0.0,4.5
vanheelsing,2,1.0,0.5,11.0
veridian-synthetics,2,1.0,0.0,5.0
vero-api,19,0.474,8.263157894736842,112.26315789473684
vincesoft,7,1.0,1.1428571428571428,3.7142857142857144
viralanalyzer,87,0.667,5.942528735632184,18.60919540229885
vittuhy,6,0.333,4.333333333333333,24.833333333333332
vulnv,70,0.757,18.02857142857143,9.485714285714286
vuzol,2,0.0,1.5,5.0
webfinity,2,0.5,30.0,93.5
webscrapewizard,4,0.0,0.75,33.75
whole_butterwort,2,0.5,1.0,6.0
wibuild.in,10,0.8,6.0,29.5
witty_welcome,2,0.0,0.0,2.5
wonderful_beluga,7,0.143,0.7142857142857143,8.0
woundless_insurance,4,0.0,0.5,35.75
woundless_vehicle,2,0.5,1.0,10.5
x402farm,14,1.0,1.7142857142857142,5.5
x_guru,18,0.611,39.111111111111114,19.22222222222222
yuancore,2,0.0,1.0,3.5
yuchiaoniu,4,0.0,0.75,4.25
zen-studio,129,0.922,37.263565891472865,47.48062015503876
zenisbit.com,2,0.5,1.5,67.5
zscrape,2,0.0,0.0,49.0
zsoftware,7,0.0,0.2857142857142857,11.142857142857142
scrapelabsapi,37,0.0,0.8108108108108109,3.5405405405405403
scrapemaster_in,2,0.5,2.0,15.5
scrapepilot,68,0.059,3.3970588235294117,7.044117647058823
scraperpro,4,0.75,2.75,52.25
scrapers_lat,698,1.0,0.9154727793696275,9.606017191977077
scrapesignal_labs,10,0.0,1.0,2.0
scraping_empire,3,0.0,0.3333333333333333,35.333333333333336
scraping_solutions,30,0.733,76.83333333333333,41.3
42far,3,0.0,0.6666666666666666,3.0
4l3c,4,1.0,1.25,4.75
abidchaudhry,4,0.75,1.25,2.0
accelerationengg,11,0.091,0.7272727272727273,35.81818181818182
actionable_courier,2,0.0,0.5,4.0
actor_builder,3,0.667,2.0,19.0
actorforgehq,4,1.0,1.0,9.0
adored_maze,3,0.667,1.0,14.0
advantageous_subcontra,11,0.273,1.7272727272727273,16.454545454545453
aeonkosmos,2,0.0,3.0,40.0
aether_studio,11,1.0,1.0,4.363636363636363
agency-shift,18,0.944,1.1111111111111112,2.1666666666666665
agiliton,5,0.6,0.2,1.2
ahampton83,7,0.0,0.14285714285714285,4.714285714285714
ahmed-khaled,2,1.0,1.0,40.5
ai_stuffapi,2,0.0,1.0,21.5
akash9078,47,0.957,8.191489361702128,27.74468085106383
akeeml,4,1.0,1.0,1.5
alaricus,5,1.0,2.6,21.2
alexist,153,0.0,0.9803921568627451,1.0980392156862746
alexmorain,5,1.0,1.0,5.4
aligned_safe,2,0.5,1.0,8.5
allanjblythe,7,0.143,1.0,2.4285714285714284
amazon-scraper,4,0.25,50.0,24.0
ambitious_door,5,0.4,1.4,2.6
ammarsalmi,2,0.5,1.0,17.5
amusing_lane,2,0.0,0.5,8.0
anointment,11,0.0,0.18181818181818182,3.272727272727273
antishock,32,1.0,1.09375,2.125
apexweb,5,0.8,1.0,5.6
api-ninja,34,1.0,111.38235294117646,27.61764705882353
api_creators,2,1.0,6.0,28.5
apifmcpfactory,26,1.0,0.9230769230769231,4.115384615384615
apimaestro,20,1.0,745.65,51.85
apioracle,3,0.0,9.666666666666666,9.333333333333334
apple_yang,19,1.0,43.31578947368421,22.736842105263158
argusapi,3,0.0,15.0,38.0
ascensionworks,3,1.0,1.0,31.666666666666668
ashersam01,4,1.0,0.25,37.0
aspiring_barricade,9,0.444,1.0,2.4444444444444446
autoclient,7,0.286,0.7142857142857143,33.57142857142857
automation_nerd,5,0.2,0.6,11.6
bene123,4,0.25,1.0,1.75
benthepythondev,943,1.0,1.498409331919406,2.5737009544008482
beyondxl,2,1.0,1.0,5.0
bikram07,14,0.0,0.8571428571428571,2.9285714285714284
bikrambiswas,3,1.0,0.0,26.0
bitme,2,0.0,1.0,2.5
blue_hero,2,1.0,0.5,7.5
brazilayer,5,1.0,1.0,3.4
breathtaking_turtle,2,1.0,1.5,21.0
brick_joey_yto,7,1.0,0.8571428571428571,20.428571428571427
brilliant_ethics,3,0.0,0.3333333333333333,7.666666666666667
broto.tech,3,0.667,2.3333333333333335,71.33333333333333
busayoroyalty08,2,0.5,1.0,1.5
busy_donkey,4,0.75,0.25,12.0
canonrow,2,1.0,1.0,4.0
caulleonard,27,0.111,0.7777777777777778,5.0
champ1918,2,1.0,1.0,11.5
charles986,3,1.0,0.6666666666666666,12.0
chiemelah_tech,3,0.0,1.6666666666666667,2.3333333333333335
chitosibug3,3,0.333,24.0,11.666666666666666
chrisp1211,90,1.0,1.1,2.611111111111111
chuckling_yarn,5,0.8,1.0,7.4
cipher_zero,2,0.0,1.0,7.5
claudethegoat,7,1.0,1.0,2.2857142857142856
clawdeus,15,1.0,0.7333333333333333,3.2666666666666666
clothefobia,48,0.25,0.8125,12.0625
codebyte,12,0.417,5.083333333333333,10.583333333333334
codemaggot,2,1.0,5.5,25.5
coder_zoro,35,0.0,0.37142857142857144,10.714285714285714
codsec,2,0.0,0.5,17.0
compx_pro,2,0.0,0.0,5.0
conceivable_jet,2,1.0,0.5,9.5
congism,6,0.667,5.166666666666667,4.666666666666667
contacts-api,447,0.004,0.8277404921700223,5.776286353467562
convertfleetdotonline,37,0.405,2.7837837837837838,8.864864864864865
crawlworks,3,1.0,146.0,19.0
crearcode,2,1.0,1.0,17.5
creative_tablecloth,5,0.0,1.8,21.4
crowley,3,0.667,1.3333333333333333,6.0
crw,14,1.0,14.928571428571429,53.714285714285715
dadhalfdev,68,0.838,1.2647058823529411,7.661764705882353
damdamdoom,5,1.0,1.0,2.4
danielmilevski9,7,0.143,9.285714285714286,9.714285714285714
data_dino,22,0.864,1.1818181818181819,4.409090909090909
dataharvester,4,0.0,1.75,33.0
datapeak,5,0.8,9.8,2.0
datasteady,3,1.0,0.6666666666666666,10.333333333333334
datawebot,3,0.0,10.0,21.666666666666668
datawharf,3,1.0,1.0,2.6666666666666665
dc-codes426,2,0.0,0.5,2.0
dealgate,4,1.0,1.75,7.25
deepapi,2,1.0,0.5,21.5
determined_cypress,3,0.0,0.6666666666666666,1.6666666666666667
devilscrapes,150,1.0,1.1533333333333333,4.86
dp862,6,1.0,2.0,2.0
drramerets,11,0.0,1.0,11.636363636363637
dwelldata,4,1.0,1.0,4.0
dz_omar,38,0.289,23.13157894736842,33.55263157894737
echocall,3,0.333,1.0,8.0
ecomdate,3,1.0,18.333333333333332,13.666666666666666
eiv,19,1.0,3.473684210526316,11.368421052631579
elegant_economy,6,0.667,2.6666666666666665,4.666666666666667
elite_scraping,3,0.333,0.3333333333333333,35.333333333333336
entertained_pectoral,3,0.0,0.6666666666666666,1.0
environmental_audio,4,1.0,1.0,5.0
epicscrapers,52,0.962,5.134615384615385,13.557692307692308
esdrasdw,9,0.556,1.2222222222222223,22.77777777777778
ethanteague,3,0.0,1.3333333333333333,3.0
excellence_scraping,3,0.0,0.6666666666666666,4.666666666666667
exciting_perfume,4,0.0,0.25,44.75
expected_knight,7,0.0,6.428571428571429,6.142857142857143
fabian_projects,3,0.667,0.3333333333333333,3.0
falcon_74,2,0.5,17.5,7.0
farodata,2,1.0,1.0,32.5
fastcrawler,47,0.319,4.382978723404255,45.276595744680854
fearless_sharpener,2,0.0,0.5,38.0
flamboyant_liner,33,1.0,0.7272727272727273,1.7575757575757576
flamelit_arowana,30,0.0,0.23333333333333334,2.8
flipper_ai,6,0.667,1.1666666666666667,6.833333333333333
fmchisti,9,0.111,1.6666666666666667,16.555555555555557
focused_vanguard,5,1.0,3.8,13.2
forlex,8,0.875,3.375,10.875
fourwake,10,1.0,1.2,5.6
fredonium_angel,2,1.0,0.0,3.0
gainful_basil,3,0.0,2.0,1.0
gauzy_synthesizer,2,0.0,0.0,6.0
geneius,12,1.0,1.0,15.75
generous_fog,2,1.0,1.0,10.0
ghewaretech,2,1.0,1.5,18.0
gmangabeira2,2,1.0,1.0,18.0
goblinmode2700,2,0.0,0.5,2.0
good-apis,55,0.982,0.9818181818181818,3.0
grassy_flugelhorn,2,1.0,0.5,4.5
greza,2,0.5,2.5,8.0
groupoject,20,1.0,0.4,4.15
guezi,7,1.0,1.0,2.142857142857143
haehnchen,2,0.5,1.0,8.5
hamza.alwan,4,0.0,0.5,92.25
hanpro,2,1.0,0.5,18.0
happy_b,9,1.0,5.222222222222222,11.333333333333334
hata1234,3,1.0,0.3333333333333333,2.0
hckr-studio,2,0.0,0.5,13.5
henrycrawl,5,1.0,1.2,14.0
hereditary_model,12,1.0,0.75,2.8333333333333335
herus13,23,0.522,9.652173913043478,33.04347826086956
hexagonal_vanity,3,0.0,1.0,1.6666666666666667
hitokawa,2,1.0,0.0,4.0
hotels-scrapers,5,0.4,4.8,18.0
hulkscrape,7,0.571,3.2857142857142856,10.428571428571429
hyperscrape,2,0.5,2.0,23.0
idapixl,2,0.5,0.5,4.0
igview-owner,119,0.58,16.050420168067227,10.025210084033613
imapp,3,0.0,1.0,21.666666666666668
incognito_mode,10,1.0,3.4,8.0
inovaflow,15,0.333,2.533333333333333,45.93333333333333
insight_api_labs,4,0.0,1.5,12.0
intelscrape,45,0.089,3.6666666666666665,28.666666666666668
iron-crawler,37,1.0,2.864864864864865,6.405405405405405
ishekofficial,3,0.0,1.3333333333333333,30.0
its_raghav,2,1.0,0.5,1.5
jan.jiran,5,0.6,3.2,12.6
janbuchar,7,0.0,2.142857142857143,16.142857142857142
jancurn,11,0.0,2.4545454545454546,20.727272727272727
jasondev,4,0.5,1.0,11.5
jeeves_is_my_copilot,46,1.0,0.8695652173913043,3.1739130434782608
jirimoravcik,6,0.0,3.0,12.666666666666666
joaosbp,10,0.0,1.0,8.1
jobspipe,2,0.0,4.0,2.0
johnadeolu401,2,1.0,2.5,6.5
jongoose,19,1.0,1.0526315789473684,1.4210526315789473
josef.prochazka,5,0.0,0.6,23.4
jpmarketdata,71,1.0,1.0140845070422535,8.647887323943662
jupri,151,0.0,3.1456953642384105,56.980132450331126
jy-labs,16,0.313,6.625,32.3125
kakama,3,0.333,1.6666666666666667,2.0
kaladata,4,0.0,1.0,8.5
karamelo,27,0.519,62.111111111111114,63.55555555555556
kevinserver24,13,1.0,1.0,4.461538461538462
knowten,13,0.769,9.461538461538462,25.53846153846154
ko_sunam,2,0.0,0.0,2.5
kondasviktor,7,0.143,1.0,12.714285714285714
krazee_kaushik,20,1.0,10.45,105.2
kuroshio-data,4,1.0,1.0,5.5
kutaui,3,0.0,0.3333333333333333,5.333333333333333
kvantis,2,0.0,1.0,6.0
lafuan,10,0.0,0.5,10.5
lance_api,14,1.0,1.2857142857142858,13.714285714285714
leadops_lab,3,1.0,0.6666666666666666,2.0
licify,2,0.5,2.5,5.0
lirafrt,3,1.0,1.0,2.3333333333333335
logfabric,4,1.0,1.0,8.75
lumaxys,5,1.0,1.2,31.0
madeingermany,7,0.286,1.2857142857142858,5.857142857142857
maehdakvan,2,1.0,0.5,11.5
malmon,9,0.889,0.7777777777777778,17.555555555555557
mapsize17,11,0.0,1.0,3.090909090909091
matheus_dev_natal,2,1.0,1.0,5.0
matrix-crawl,7,0.429,0.42857142857142855,2.5714285714285716
matymar,2,0.0,2.0,7.5
mavilinklabs,3,1.0,1.0,15.333333333333334
memorable_alphabet,6,1.0,2.0,7.5
mhamas,9,0.111,0.5555555555555556,15.222222222222221
mirthful_radish,2,0.0,5.0,2.0
mnmkng,7,0.0,1.0,10.857142857142858
mocha_tassel,8,1.0,1.0,4.5
mooseandraven,8,1.0,0.75,10.5
motivational_nickel,12,0.833,3.5,125.83333333333333
mpelas,7,0.286,0.42857142857142855,29.714285714285715
mu0i,14,1.0,1.0,16.5
muhammad4hmed,10,1.0,1.0,3.5
muhammad_noman_riaz,10,0.8,3.0,21.0
musicae,4,1.0,4.75,32.5
myagizm,62,0.984,0.6935483870967742,9.016129032258064
nadpra,2,0.5,15.5,17.0
native_emblem,4,1.0,6.0,5.25
nativefoundation-inc,4,0.5,0.5,36.0
netorb,2,0.5,1.5,32.5
nexgensignal,30,1.0,0.9666666666666667,2.466666666666667
nickslam,20,1.0,1.35,8.9
nishanth_kj,2,0.0,1.0,17.5
nizantei,2,1.0,0.5,4.5
nmdmnd,2,0.0,0.0,16.5
nocodeninja_ng,2,1.0,0.5,15.5
nogards95,13,1.0,1.6923076923076923,7.461538461538462
nourishing_fort,2,1.0,1.5,43.5
novamarie1,2,0.5,0.5,2.5
obicodes,4,0.25,0.5,11.5
oblanceolate_mandola,12,1.0,0.6666666666666666,4.666666666666667
obliging_persimmon_cki,25,0.24,0.56,4.76
odaudlegur,8,0.0,0.75,64.375
onescales,28,0.393,10.571428571428571,47.92857142857143
openactor,2,1.0,8.5,23.0
opspawn,3,0.0,0.6666666666666666,4.333333333333333
oswaldocarabano,9,1.0,1.1111111111111112,14.333333333333334
oxygenated_quagmire,13,1.0,7.0,5.3076923076923075
ozapp,3,1.0,1.6666666666666667,22.0
panzerhans,3,0.333,0.0,18.0
pappy-dev,11,1.0,0.8181818181818182,3.727272727272727
paradox-analytics,2,0.0,0.5,50.0
patfer3dcoding,2,0.0,1.0,24.5
petr_cermak,13,0.0,0.7692307692307693,31.923076923076923
pintxuki,7,0.0,1.8571428571428572,27.714285714285715
plenteous_humidifier,8,0.75,0.375,2.125
plotbench,5,0.6,1.0,2.2
pnda,4,1.0,8.25,13.5
popular_denim,3,0.0,1.0,2.6666666666666665
pricepirate,2,1.0,9.0,21.5
primeflowio,3,0.667,0.6666666666666666,5.0
prince_gabriel,2,0.5,1.5,4.0
prog-party,6,0.0,0.16666666666666666,5.166666666666667
promptica,9,0.889,0.8888888888888888,5.555555555555555
pxlbyt-co,2,0.0,1.0,3.5
qualifyops,16,1.0,4.0,2.0625
raidr-api,10,0.6,3.1,4.7
raional,11,1.0,1.0909090909090908,5.2727272727272725
ramosss,2,0.0,0.5,11.0
ratio_tech,8,1.0,1.0,4.5
rationalistic_counsel,7,1.0,0.7142857142857143,2.857142857142857
redfoxxie,13,1.0,1.1538461538461537,5.538461538461538
reflective_plagioclase,5,0.6,0.6,8.0
research_master,3,1.0,1.6666666666666667,6.333333333333333
resounding_diplomacy,9,0.667,1.0,13.0
reviewly,30,0.4,2.6666666666666665,2.966666666666667
riadh_chebbi,3,1.0,1.0,3.6666666666666665
ribtools,6,0.167,4.5,17.666666666666668
rocketagro,2,0.0,0.0,11.0
rodrgds,6,0.667,0.5,13.833333333333334
rothy,3,0.0,0.6666666666666666,5.666666666666667
rowsmith,6,0.0,1.0,1.8333333333333333
runtime,26,0.808,1.5769230769230769,72.8076923076923
ruv,3,1.0,1.0,28.666666666666668
ryanclinton,149,0.973,5.6644295302013425,14.046979865771812
s-r,56,0.929,23.160714285714285,17.357142857142858
sallbro,2,0.5,0.5,16.0
scalelist,4,1.0,5.75,17.5
scrapearchitect,62,0.0,1.2096774193548387,21.806451612903224
scrapecraze,34,0.0,1.0294117647058822,1.0
scrapingshark,2,0.0,0.5,7.5
scraptik,2,0.5,357.0,26.5
seemuapps,175,0.977,8.028571428571428,8.777142857142858
sentry,56,0.518,3.6607142857142856,14.107142857142858
seralifatih,20,0.3,2.25,19.2
serene_trombone,4,0.0,1.0,7.0
shuicici,4,0.25,0.25,6.0
sigma-dev,2,0.0,3.5,3.5
signalbase,7,1.0,6.285714285714286,17.0
signalbench,9,0.222,3.6666666666666665,4.888888888888889
signalcrawl,13,0.077,0.9230769230769231,2.5384615384615383
silva95gustavo,3,0.667,200.33333333333334,148.66666666666666
simoit,6,1.0,5.666666666666667,22.5
skcho,6,0.667,1.8333333333333333,30.666666666666668
slim_katrina,3,1.0,0.6666666666666666,3.0
smart_tech_resources,7,0.0,0.42857142857142855,1.0
social-fetch,8,1.0,2.125,43.5
sourcedirect,6,1.0,0.8333333333333334,4.833333333333333
spidoosho,2,0.0,0.0,19.5
spiky_pepperoni,3,0.0,0.0,1.6666666666666667
sree_brag,3,1.0,0.6666666666666666,19.333333333333332
stech_ai,3,0.667,1.0,197.33333333333334
stefanie-rink,4,0.25,1.25,19.5
stepskop,4,0.0,0.25,19.5
studious_allergy_mig,5,1.0,1.2,5.0
superlativetech,15,0.0,3.533333333333333,47.13333333333333
symphony_bots,3,0.0,1.0,4.333333333333333
syntellect_ai,17,0.765,1.2941176470588236,7.0
tacps126,3,1.0,0.6666666666666666,28.0
tactful_anvil,13,1.0,3.0,2.6153846153846154
tcz,2,0.0,0.5,22.5
tempting_district,3,1.0,0.3333333333333333,3.3333333333333335
the.beast,5,0.4,0.8,9.4
thehouroft,5,0.0,0.0,1.0
therealdude,3,0.667,2.0,25.0
thescrappa,91,0.868,1.835164835164835,7.802197802197802
thirdwatch,134,0.963,10.507462686567164,13.007462686567164
thrilled_estuary,2,1.0,0.5,8.5
tomas.gabik,3,0.667,0.3333333333333333,6.333333333333333
tomas.nosek,3,0.333,0.3333333333333333,18.333333333333332
tomko5peter,2,0.0,0.0,11.5
toronto_777,18,0.0,0.9444444444444444,2.0
tpa_d,3,1.0,0.6666666666666666,6.0
tristana,5,0.8,1.2,3.4
undrtkr984,3,0.0,0.6666666666666666,6.666666666666667
upstanding_biobot,5,1.0,1.6,12.4
venueengine.co,2,1.0,3.0,11.0
vibexcoder,3,0.0,0.0,3.3333333333333335
victorious_ukulele,3,1.0,0.0,37.333333333333336
watcher.data,4,1.0,91.25,18.5
web_wanderer,14,0.929,97.21428571428571,111.35714285714286
webunlocker,2,1.0,2.5,62.0
westerly_palisade,28,0.714,0.75,15.535714285714286
whole_yolk,2,1.0,0.0,14.5
wiggly_book,8,0.875,0.875,3.875
wilico,2,1.0,8.5,20.5
workhard3000,2,0.5,8.5,39.5
xiaoyu-ai,4,0.75,1.0,6.5
xtech,40,0.35,1.125,14.7
yasir-on-apify,5,0.4,10.6,45.2
yasmany.casanova,10,1.0,4.1,15.4
yesintelligent,9,0.778,1.4444444444444444,10.333333333333334
youfuxu,23,1.0,1.0869565217391304,3.1739130434782608
yourwingman,9,0.0,1.2222222222222223,4.888888888888889
zalizedata,3,0.0,1.0,1.0
zapticx,4,0.75,1.0,9.5
zeropointstudio,2,1.0,6.0,4.5
zerrouki-samir,2,0.0,0.0,3.0
zinin,147,1.0,0.7482993197278912,8.591836734693878
zuldeira,3,0.667,0.3333333333333333,26.0
scraper-engine,591,0.005,1.598984771573604,6.377326565143824
scraperforge,49,0.0,0.7551020408163265,5.387755102040816
scrapevanta,34,0.0,0.7058823529411765,5.294117647058823
scrapeverse,16,0.375,10.1875,24.0
scrapido,40,0.0,1.0,6.3
0xgollum,31,0.968,2.064516129032258,4.258064516129032
accomplished_yapok,2,0.0,0.5,85.0
acebuilds,6,0.833,3.1666666666666665,9.166666666666666
adobeflex,21,0.905,0.9523809523809523,2.0
adventurous_nut,10,0.4,1.2,32.1
aetheragent,24,1.0,0.9583333333333334,1.3333333333333333
afanasenko,17,0.882,59.23529411764706,108.70588235294117
ahmdshrif,16,1.0,0.625,6.5
ahmed_hrid,11,0.455,2.6363636363636362,4.909090909090909
ahmed_jasarevic,90,0.967,1.988888888888889,10.633333333333333
ai_crew_solutions,3,0.333,1.3333333333333333,16.333333333333332
alex_r_ai,2,1.0,1.5,3.0
alirezaeidgah,2,0.0,0.5,9.5
amcllc,2,0.5,1.0,5.0
amit123,6,0.5,17.0,36.166666666666664
andok,66,0.97,2.5454545454545454,5.7272727272727275
anyhowmarketer,2,0.5,1.0,14.0
anykeytools,4,0.0,0.0,3.25
api-empire,147,0.0,4.360544217687075,7.35374149659864
apify_daniel,10,0.0,0.7,1.0
apium,6,0.167,0.6666666666666666,4.166666666666667
appsigma,4,1.0,1.25,3.5
arvin-data,2,1.0,1.0,2.0
aspiring_hypotenuse_ior,12,1.0,1.0,3.5833333333333335
aurumworks,5,1.0,0.6,4.2
automationagents,60,0.983,0.6666666666666666,5.466666666666667
axesso_data,41,0.805,20.390243902439025,11.195121951219512
axlymxp,106,0.689,2.518867924528302,4.452830188679245
aymorato,5,0.0,0.8,35.8
ayrtondavoli97,14,0.857,1.2857142857142858,34.785714285714285
ayyouba,3,1.0,2.0,4.666666666666667
bahc19,4,1.0,1.0,10.0
bedazzled_omen,2,0.5,1.0,5.0
believable_fork,2,1.0,1.5,11.0
benedictmendoza,3,1.0,1.0,3.0
bercikgroup,7,0.286,1.0,1.2857142857142858
bestscrappers,2,1.0,1.5,17.0
beyondforge,3,1.0,0.6666666666666666,17.333333333333332
beyondops,4,1.0,28.0,9.5
bipbip-apis,5,1.0,1.0,2.8
bizbot2026,4,0.75,1.25,7.5
blaidlink,5,1.0,0.0,5.6
blazing_stake,18,0.833,0.9444444444444444,1.3333333333333333
blukaze,6,1.0,0.5,12.666666666666666
borisinc,3,0.667,1.0,7.333333333333333
bornoo,44,1.0,0.8181818181818182,5.840909090909091
bounceverify,2,0.5,179.0,19.0
boundary,2,0.0,0.5,9.0
boxbox10,5,0.6,1.4,2.4
brave_zygantrum,4,0.75,0.5,42.75
bravolad,2,0.0,1.0,3.5
bri_scrappers,3,0.0,0.3333333333333333,4.333333333333333
bridgeworks,3,1.0,1.0,3.3333333333333335
bright_oven,5,1.0,2.6,3.2
bronze_shovel,2,0.0,0.0,8.5
bytepulselabs,28,0.929,4.428571428571429,17.785714285714285
capable_cauldron,3,1.0,7.0,28.0
captivated_mix,2,0.0,0.0,4.5
car_map,2,0.0,0.0,9.5
carranza-tech,4,1.0,1.0,2.0
catalini82,6,1.0,1.1666666666666667,6.166666666666667
catandgoose,4,0.5,1.0,7.0
cblu,8,0.125,1.25,6.625
celebrated-quadraphonic,6,0.5,0.5,14.833333333333334
ceo.sss,4,1.0,1.0,2.75
chalkandcheese,3,0.0,5.333333333333333,41.666666666666664
cheap_scraper,3,1.0,3172.0,33.333333333333336
chilly_damask,4,0.75,1.5,4.0
chuckling_hemp,2,0.0,0.5,1.5
citature,8,0.875,0.0,12.75
clearpath,75,0.747,30.653333333333332,51.54666666666667
competent_clarinet,5,0.0,2.4,19.6
craig337,3,0.0,1.0,66.33333333333333
cypherai,2,1.0,2.5,9.5
dami_studio,175,0.994,1.6914285714285715,11.92
dan8433,2,1.0,1.0,6.0
danny.hub,8,0.25,7.625,53.375
dash_authority,5,1.0,0.4,4.4
data_lattice_au,2,0.5,1.0,3.5
data_master,2,0.0,0.0,3.0
data_xplorer,14,0.643,89.78571428571429,186.14285714285714
datamill,4,1.0,1.0,5.25
datara,5,0.2,2.6,15.4
deeper,2,1.0,8.5,111.0
desmond-dev,8,0.0,1.375,3.25
devil_port369-owner,27,0.63,8.518518518518519,48.333333333333336
devninja,8,0.0,1.375,32.0
dhrumil,29,0.0,7.448275862068965,38.48275862068966
direct_duty,5,0.4,0.0,16.0
diverse_venture,13,1.0,0.8461538461538461,1.5384615384615385
domainscope,6,1.0,1.0,4.166666666666667
doppelspotter,2,0.0,1.0,11.0
drkiwi,2,1.0,1.0,7.0
ducto,2,0.0,2.0,5.5
eager_vitamin,6,0.167,1.0,3.8333333333333335
eastwoodapps,3,1.0,1.3333333333333333,5.333333333333333
easy_peasy_api,2,0.0,0.5,7.0
elisabethhitz,13,0.0,0.46153846153846156,8.076923076923077
eloquent_mountain,13,0.231,3.4615384615384617,32.07692307692308
emoubarak,2,1.0,1.0,9.5
emreyilmaz,10,0.0,1.0,1.5
enfex,20,0.95,0.95,2.15
ernestx,4,1.0,1.0,21.75
eschalon,4,0.0,1.0,1.5
ethereal_wool,70,0.986,1.5,9.757142857142858
exotic_integrity,3,0.0,0.0,1.3333333333333333
experthasan,10,1.0,2.0,8.2
explorer_holdings,2,1.0,0.0,9.0
express_kingfisher,23,0.348,0.8260869565217391,5.0
fantomx,3,0.0,1.0,6.333333333333333
fatihtahta,203,0.897,20.049261083743843,33.36945812807882
fayoussef,45,0.333,7.666666666666667,33.91111111111111
fervent_bus,29,1.0,2.689655172413793,8.448275862068966
foxlabs,62,0.984,3.2419354838709675,11.064516129032258
fresh_cliff,35,0.086,1.3142857142857143,5.942857142857143
gabruck97,3,0.0,2.6666666666666665,36.333333333333336
gauzy_penguin,10,0.9,3.2,6.7
generativa,2,0.5,1.5,6.0
gersinhobdc,2,1.0,3.5,8.0
get_anything,14,0.643,8.642857142857142,6.5
giovannibiancia,28,0.786,1.75,40.32142857142857
glowing_glove,113,0.513,0.9734513274336283,8.539823008849558
glueworks,5,1.0,1.2,6.0
gooyer.co,3,0.667,3.3333333333333335,12.0
gr_59017,5,0.0,0.4,8.6
gratifying_graph,10,0.0,0.6,1.9
graveled_receiver,2,0.0,1.0,2.0
grow_media,3,1.0,450.3333333333333,41.666666666666664
hachi-dev,5,1.0,0.4,3.4
harvest,23,0.696,2.217391304347826,11.826086956521738
harvestapi,16,0.875,2943.3125,68.875
hawkish_gym,2,0.5,0.5,16.5
haya_emaan,3,0.667,0.6666666666666666,5.333333333333333
heady_impediment,2,0.5,1.0,6.0
helenium,4,0.0,1.0,3.5
hichamrz,2,0.5,0.0,7.5
hpix,5,0.6,21.0,76.2
hypebridge,23,1.0,4.956521739130435,31.956521739130434
iettiu,2,1.0,0.0,26.5
igolaizola,83,0.904,21.349397590361445,22.662650602409638
igor_nersisian,5,1.0,0.6,4.6
immense_insulator,6,0.833,1.0,5.333333333333333
immortal_orthodontist,2,0.0,0.0,10.0
incomeenginelabs,3,0.333,0.3333333333333333,3.0
instagram-scraper,8,1.0,249.5,95.0
intrabit,3,1.0,1.0,3.3333333333333335
invideoiq,4,0.75,47.5,53.5
itclan-bd,3,1.0,4.666666666666667,11.333333333333334
jan.turon,2,0.5,0.5,12.0
jgoia,5,1.0,1.0,1.2
jimmywhyte,2,0.0,1.0,7.5
jobscrawler,39,0.308,1.1282051282051282,1.641025641025641
jokeso,2,0.5,1.0,10.5
joyouscam35875,11,0.0,4.0,6.090909090909091
jp_data_tools,3,0.333,0.6666666666666666,2.6666666666666665
jumbled_falcon,3,0.333,1.6666666666666667,5.0
jumpy_invoice,4,1.0,0.25,2.25
jungle_intertwining,3,0.0,1.3333333333333333,9.0
jungle_synthesizer,953,0.996,1.5015739769150052,8.816369359916054
justa,2,0.5,2.0,23.0
kaidev,6,0.0,0.8333333333333334,17.5
kaix,25,0.6,105.44,28.04
katerinahronik,5,0.0,1.0,18.6
kenko404,8,1.0,1.125,12.625
keyless_gardener,2,0.0,1.0,10.5
khadinakbar,470,0.009,6.45531914893617,10.21063829787234
kindly_bolt,2,1.0,0.0,3.5
kingofthejunes,3,1.0,0.3333333333333333,21.333333333333332
kloude,4,1.0,0.75,6.0
knagymate,25,1.0,5.76,22.16
koatiromeo,2,1.0,1.0,1.5
koreyoshi,10,0.6,0.7,7.1
kulqiz,2,1.0,2.5,20.0
lead_radar,2,0.0,3.0,7.0
ledgerworks,3,0.333,0.6666666666666666,8.0
leo_jhil,2,0.0,1.0,5.0
leorochasantos,21,0.952,1.0952380952380953,4.476190476190476
lisenser,3,0.0,0.3333333333333333,13.666666666666666
lukaskrivka,30,0.067,148.33333333333334,117.86666666666666
lulzasaur,494,0.996,1.0850202429149798,1.937246963562753
lumen_limitless,3,0.667,0.6666666666666666,41.0
madjad33,5,1.0,1.2,3.4
mahogany_songbird,19,1.0,0.8947368421052632,1.5263157894736843
makework36,46,0.87,9.717391304347826,12.0
mameta,2,0.0,0.5,2.0
marco.gullo,6,0.0,5.833333333333333,12.833333333333334
marcuslee,3,0.0,1.0,11.0
marielise.dev,30,0.967,8.733333333333333,21.333333333333332
martin0925,4,0.0,1.0,1.5
matyascimbulka,3,0.333,16.666666666666668,16.666666666666668
meaningful_quarry,2,0.0,1.0,4.5
metal_vitamin,3,1.0,0.6666666666666666,7.333333333333333
michael_b,8,1.0,1.375,16.125
mighty_monk,33,1.0,1.393939393939394,1.6666666666666667
mikhail.koviazin,2,0.0,1.5,13.0
mo_khairy,2,0.5,3.0,11.5
mohamed.k.sirag,6,0.0,0.16666666666666666,69.33333333333333
monty15,2,0.5,2.5,11.0
mranderson323,5,0.6,0.6,6.0
mrbridge,23,0.522,7.6521739130434785,64.30434782608695
mrdoe,77,0.987,0.974025974025974,5.909090909090909
mrscrapercom,3,0.333,0.3333333333333333,10.0
muhammad-bilal,7,1.0,1.0,20.142857142857142
multiplex,5,0.0,0.6,2.4
mysteriousshadow,4,0.0,1.25,33.5
n.nobar,2,0.0,1.5,19.0
neatrat,10,0.2,94.5,22.4
nerdnd,6,0.0,0.5,3.3333333333333335
newscatcher,10,0.1,0.8,19.3
nick_slam,2,0.0,0.0,7.0
nourishing_courier,10,0.7,3.4,14.3
obedient_hierarchy,4,0.0,0.5,4.5
okpoorav,2,1.0,0.5,5.5
omarjab,2,1.0,1.0,24.5
oneary,73,0.959,1.7123287671232876,14.287671232876713
ongoing_saint,4,1.0,1.0,2.5
openapi,2,0.0,1.0,18.0
opility,2,1.0,1.0,7.5
optimus-fulcria,16,0.0,1.75,4.3125
optirefine,3,1.0,1.0,14.0
outspoken_strategy,14,0.214,6.642857142857143,9.928571428571429
outstanding_vegetable,36,1.0,0.8055555555555556,2.0277777777777777
pabloalcolea02,2,1.0,1.0,3.5
parseforge,1808,0.987,2.2660398230088497,17.775995575221238
patient_discovery,38,1.0,26.394736842105264,4.7894736842105265
pattonholdings,15,1.0,0.2,1.8666666666666667
peaceful_pushpins,7,1.0,1.4285714285714286,96.28571428571429
petroshong,2,0.0,0.5,26.0
philzx,3,1.0,1.3333333333333333,8.0
pink_fence,5,0.8,1.0,1.6
plastic_keelboat,2,0.0,0.0,1.0
plowdata,14,0.714,7.428571428571429,16.642857142857142
plum_spear,6,0.833,1.0,6.166666666666667
powerbox,48,1.0,0.7708333333333334,1.3958333333333333
practical_ophthalmologist_iuq,9,1.0,0.7777777777777778,7.666666666666667
praise-most-high,4,1.0,1.0,2.0
promoshare,3,1.0,0.6666666666666666,114.0
prospeo,3,0.0,0.3333333333333333,1.0
psymall,3,0.667,1.6666666666666667,2.3333333333333335
puskin,7,0.0,0.8571428571428571,2.4285714285714284
pv_maps,2,1.0,1.0,15.0
qoqa,3,0.0,0.6666666666666666,29.0
rakser,2,0.0,3.0,10.5
ramsford,11,1.0,0.45454545454545453,3.6363636363636362
rapturous_dancehall,3,0.667,1.0,3.3333333333333335
real1ty,3,1.0,4.333333333333333,17.333333333333332
reapx,151,1.0,0.9006622516556292,18.165562913907284
reverberant_equality,28,0.0,0.17857142857142858,3.1785714285714284
rixin,16,1.0,7.375,10.25
rtworule,8,1.0,0.75,4.375
rupom888,48,1.0,3.3333333333333335,6.833333333333333
ruslanzotkin,5,1.0,1.0,4.8
s3nafps,10,1.0,1.0,4.7
s5ifty4,10,1.0,1.0,1.4
s7_studio,3,0.667,0.6666666666666666,1.0
samstorm,21,0.048,5.619047619047619,27.285714285714285
santamaria-automations,144,1.0,8.791666666666666,18.71527777777778
sanztheo,2,1.0,3.0,10.5
schnellscrapers,23,0.957,1.565217391304348,5.521739130434782
scrap3r,9,0.0,2.3333333333333335,28.444444444444443
scrap_them_all,13,1.0,0.46153846153846156,6.769230769230769
scrapebase,38,0.0,0.7105263157894737,3.710526315789474
scrapingdino,2,1.0,1.0,2.0
scraply,40,0.0,0.925,3.925
scrappy_mammal,2,0.0,5.5,7.5
sebarb,2,1.0,0.5,5.5
service-paradis,3,1.0,1.3333333333333333,9.666666666666666
shaggydev,2,1.0,0.0,10.0
shelvick,14,1.0,5.5,40.92857142857143
sherlock_labs,2,0.0,0.0,7.5
sheshinmcfly,34,0.971,2.1470588235294117,18.294117647058822
shoebill-dev27,8,1.0,0.875,2.5
siccscha,4,1.0,1.0,6.5
signal_lab,10,1.0,1.0,18.5
signaliz,8,0.5,0.875,10.75
singaporedata,9,0.444,1.0,2.5555555555555554
skebby,2,0.5,3.5,9.5
skillsvaults,3,1.0,1.0,6.0
skystone_labs,7,1.0,5.0,12.571428571428571
slate_spool,10,1.0,0.9,2.8
smart-digital,8,0.375,15.75,39.5
smorgi_apps,42,1.0,1.0238095238095237,3.5476190476190474
snipercoder,8,1.0,129.0,98.5
songd,5,0.0,1.0,54.2
sonirico,2,0.0,0.0,6.0
sonnitech,3,1.0,1.0,2.0
sootesting,9,0.556,0.5555555555555556,8.444444444444445
sportsverse,5,1.0,0.4,9.0
sve,2,0.0,1.5,22.5
szopers,2,0.0,1.0,2.5
tech_gear,4,0.0,1.0,6.75
theagents,10,1.0,35.0,507.5
thewolves,4,1.0,174.25,871.25
tillzero,3,0.333,1.0,26.666666666666668
toby_richmond,2,0.0,0.5,9.0
toodeep,2,0.0,1.0,31.0
topsail,5,1.0,0.6,4.6
toshiusklay,4,0.5,0.25,11.75
trakk,27,0.926,8.407407407407407,33.888888888888886
trendlab,5,0.0,2.6,1.6
trendsmcp,15,0.0,0.06666666666666667,3.2
trev0n,85,0.847,3.5176470588235293,8.305882352941177
truefetch,73,1.0,6.876712328767123,190.31506849315068
tuguidragos,2,0.5,1.0,123.0
umischael,3,0.333,0.6666666666666666,3.3333333333333335
unseenuser,38,1.0,86.8157894736842,26.657894736842106
utils,2,1.0,9.5,5.0
valek.josef,6,0.0,3.5,19.833333333333332
valiant_quarter,5,1.0,1.8,5.4
variable_redwood-owner,6,0.0,1.0,1.8333333333333333
velvety_bedbug,258,1.0,0.8953488372093024,1.5232558139534884
viable_guard,4,1.0,1.0,4.25
vivpm99,2,1.0,0.5,9.0
vnx0,15,0.733,10.266666666666667,14.8
vsekar91,15,0.0,1.0,2.066666666666667
vtrdev,4,0.5,31.0,37.25
waxlike_polecat,3,1.0,0.0,5.0
welcoming_fireplace,2,1.0,3.0,6.0
whetstonetools,5,1.0,10.2,9.2
whitewalk,2,0.0,8.0,26.5
wibuild,4,1.0,0.5,5.75
wisteria_banjo,7,0.571,0.8571428571428571,16.0
worktech,8,1.0,1.0,3.25
wsgcjj,9,1.0,0.7777777777777778,3.111111111111111
x402opklaar,12,1.0,1.1666666666666667,3.4166666666666665
yashgoyal.md,2,0.0,2.0,8.5
yawning_pit,4,0.0,1.0,4.75
yourapiservice,98,0.0,1.5,4.846938775510204
yunaremaia,4,0.0,1.0,14.75
zcamper,16,0.375,0.6875,8.6875
zenomastro,4,0.0,5.0,1.0
zestio,2,1.0,1.0,32.0
scrapeio,14,0.5,5.571428571428571,15.428571428571429
scraper_gump,2,1.0,2.5,17.5
scraperschile,40,0.35,1.65,7.2
scrapifier,14,0.857,3.357142857142857,17.857142857142858
123webdata,17,0.0,1.4705882352941178,6.647058823529412
8tp,6,1.0,1.0,10.0
abotapi,255,0.976,3.4156862745098038,19.96470588235294
adatlas,2,1.0,1.0,12.5
agilevendor,4,1.0,1.25,63.5
ahaham_bytiz,5,1.0,3.0,2.2
ai-coding-radar,5,1.0,1.0,8.0
aidatatools,2,0.0,1.0,2.5
aileo,2,0.5,0.5,2.0
aimscrape,2,0.5,17.5,27.0
aiqlabs,23,1.0,0.9565217391304348,4.130434782608695
aiscraperdev,13,1.0,4.769230769230769,16.384615384615383
aizen0,5,0.2,1.4,15.2
alizarin_refrigerator-owner,283,0.982,1.823321554770318,25.233215547703182
alpinedata,2,0.0,0.5,4.5
amicable_grid,3,0.333,0.0,8.0
amonsharma,2,0.0,0.0,8.5
andreaslh,2,1.0,0.5,1.0
andrew_avina,54,0.926,0.09259259259259259,2.4814814814814814
angaba92,8,1.0,0.875,5.25
antonionduarte,3,0.667,9.333333333333334,23.333333333333332
apage,7,1.0,1.7142857142857142,10.142857142857142
api_massta,5,0.4,0.8,28.2
apidojo,33,1.0,548.2424242424242,711.030303030303
apimie,3,0.667,0.6666666666666666,50.666666666666664
apizy,10,0.0,5.6,13.2
arjuna-x_official-owner,2,1.0,1.5,10.5
artifact-machine,11,1.0,1.0909090909090908,1.4545454545454546
astravalabs,7,1.0,6.0,28.0
autofacts,18,0.944,6.388888888888889,26.833333333333332
automation-hub,10,0.9,1.1,4.5
automly,25,0.56,22.36,6.76
battery,10,1.0,2.9,13.3
belcaidsaad,20,0.0,5.2,3.75
ben-belaouedj,3,0.0,0.6666666666666666,7.0
beydemirfurkan,2,1.0,1.0,2.5
bgfc97,96,0.052,1.0520833333333333,1.375
blitzapi,4,0.0,35.25,6.0
bluebird,3,0.0,2.0,22.0
blueorion,4,0.75,3.5,18.0
borderline,5,0.8,534.8,98.4
bot_kevin,2,0.0,0.0,41.5
brainy_frostfield,6,0.0,1.0,3.0
burn98,2,0.5,1.0,5.0
busy_evidence,2,0.0,1.0,10.0
c0nst,5,1.0,0.8,2.8
camiloop96,4,1.0,1.0,4.25
captivating_clarinet,2,1.0,0.5,18.0
centspy,4,1.0,1.0,1.5
changewire,6,1.0,1.0,2.6666666666666665
checksmithcats,26,0.0,0.9615384615384616,4.5
chivalrous_mushroom,2,0.0,0.5,20.0
cleansyntax,12,1.0,39.833333333333336,25.583333333333332
codepoetry,2,0.5,210.5,25.0
coladeu,7,1.0,56.42857142857143,36.57142857142857
complex_intricate_networks,22,1.0,2.5454545454545454,16.681818181818183
contented_academy,2,0.0,1.5,49.5
convenient_yarn,2,0.5,1.5,2.5
conversational_kermis,15,0.667,0.6666666666666666,10.466666666666667
coregent,79,1.0,4.544303797468355,10.708860759493671
crabwalker,12,1.0,1.25,11.416666666666666
crafter,2,0.0,1.0,22.0
crashlattice57,4,0.5,5.25,6.25
crawlerforge,2,0.0,2.5,10.0
crawlpilot,6,0.667,1.3333333333333333,11.833333333333334
crawlware,2,0.0,0.0,8.5
creative_maitake,2,0.0,1.0,2.0
crustapi,7,0.857,27.857142857142858,13.714285714285714
curly,7,1.0,2.142857142857143,28.714285714285715
dangul,4,1.0,1.0,1.75
danielainsworth,3,0.0,0.6666666666666666,7.0
data-slayer,50,1.0,59.18,13.6
datacortex,2,1.0,1.0,10.0
dataraptor,3,0.0,3.3333333333333335,16.0
datarava,3,1.0,9.666666666666666,56.333333333333336
datascoutlab,13,0.923,1.6153846153846154,7.076923076923077
datawinder,5,1.0,0.4,7.2
dbott23,9,0.889,0.8888888888888888,13.0
deadwood_data_solutions,18,0.833,0.9444444444444444,6.833333333333333
dev_fusion,4,0.0,427.0,42.5
dev_web_col,13,0.0,1.0,6.3076923076923075
digital-ai-lab.de,10,0.0,0.7,6.4
dignified_xanadu,5,1.0,1.0,7.6
dizzyvinci,2,1.0,0.5,1.0
dobus,4,1.0,1.0,6.75
doshikevin361,2,0.5,0.5,1.0
egeusta,7,1.0,1.0,3.857142857142857
eins332570,2,1.0,1.0,4.0
eltociear,4,1.0,1.0,12.25
eltropa,2,1.0,1.0,8.0
engaging_pyrite,10,1.0,0.8,2.2
esco.api,4,0.0,0.75,1.25
extremescrapes,12,0.75,2.3333333333333335,12.916666666666666
ezvidnet,2,0.0,4.0,2.5
ezzatox,45,0.0,1.0,1.6666666666666667
familiar_universality,2,1.0,9.5,11.0
fanciful_geode,10,1.0,0.4,3.6
fantastic-jobs,27,0.852,182.96296296296296,18.185185185185187
fast_api,7,0.0,1.0,8.857142857142858
figue,5,0.2,69.4,30.4
filipmajchrzak,2,0.5,1.5,4.5
fkdg_digital,4,1.0,1.0,3.0
flowengine,2,1.0,1.5,1.5
formal_sadness_xvx,4,1.0,1.0,4.25
formnexa,3,0.667,0.6666666666666666,2.3333333333333335
foxpink,4,0.0,0.25,30.0
frameprobe,3,1.0,1.0,6.0
future_creator,2,0.0,1.0,43.5
gallant_illustration,2,0.5,1.0,11.5
geekguymj,5,0.0,0.6,6.6
genial_candlestand,3,0.0,2.3333333333333335,16.0
genuine_xiphisternum,2,0.0,0.5,46.0
geodetic_marigold,14,1.0,1.0714285714285714,2.0714285714285716
getdataforu,17,0.118,4.235294117647059,6.0
gettingtechnicl,20,1.0,1.0,2.8
gingery_matsutake,2,0.0,1.0,2.5
glasswing,3,1.0,2.6666666666666665,6.666666666666667
glitch_404,3,0.333,1.6666666666666667,23.333333333333332
gmpsignal,18,1.0,1.1666666666666667,1.8333333333333333
gocreative.ai,22,0.955,2.0454545454545454,10.045454545454545
golden_box,2,0.0,1.0,22.0
great_pistachio,27,1.0,1.7037037037037037,3.740740740740741
greip,9,1.0,0.4444444444444444,6.888888888888889
grilled_gorge,3,1.0,1.0,3.6666666666666665
hairy_grape,4,0.0,0.25,1.0
halvenlabs,3,1.0,0.3333333333333333,9.666666666666666
hamzamihaidaniel,5,1.0,1.0,1.8
handsome_apostrophe,2,1.0,3.0,3.5
handstands.io,2,1.0,0.5,18.0
heliostech,5,1.0,3.6,7.2
hikayatlabs,2,1.0,1.0,35.5
huggable_quote,8,0.875,19.25,22.375
hung.ad4gate,3,0.0,41.666666666666664,25.666666666666668
huntersreeni,2,1.0,1.0,5.5
ilborso,8,0.125,2.25,63.5
illehius,10,0.9,6.4,20.9
incontrovertible_gate,5,0.8,0.8,4.8
industrial_nightfall,2,1.0,0.5,13.5
inlifeprojects,3,0.0,91.66666666666667,9.0
interactapps,2,1.0,1.0,9.5
israeloriente,2,0.0,3.0,20.0
istenotools,7,1.0,1.0,3.0
jadey_orbit,8,1.0,1.0,1.75
jakubbalada,2,0.0,60.5,47.5
jakubsuchy,2,0.0,5.0,29.5
jdepablos,19,0.0,1.5789473684210527,5.631578947368421
jmmaners,2,1.0,0.0,8.0
jotive,2,1.0,1.5,10.5
juanoox,4,0.75,1.0,11.75
jurassic_jove,18,0.833,11.444444444444445,11.5
justwatching,10,0.0,1.1,1.0
katzino,2,0.0,4.5,44.5
kayorama,5,1.0,1.0,5.8
kelvinosse,3,0.333,0.6666666666666666,9.0
kempt_sprinkles,5,1.0,0.8,1.0
kenshinsee,4,1.0,0.25,7.0
knutty_cadet,3,1.0,0.6666666666666666,8.666666666666666
koalastuff,25,1.0,0.96,5.6
kobimantzur,2,0.0,2.0,32.0
koralisx,10,0.0,0.9,2.5
krenefx,2,1.0,1.5,9.5
landgeek,3,0.0,1.0,16.333333333333332
lazydayz137,2,0.0,0.0,3.0
lazymac,22,1.0,0.8636363636363636,9.227272727272727
leftwinglautus,4,1.0,0.75,2.5
lexis-solutions,327,0.294,2.489296636085627,3.7889908256880735
lightmoon,7,1.0,1.0,9.571428571428571
lissome_tequila,2,1.0,0.5,11.0
logical_scrapers,40,0.425,15.65,12.0
loopchips,23,1.0,0.782608695652174,1.608695652173913
lowlanddata,19,1.0,1.0526315789473684,6.052631578947368
loykos,3,1.0,2.3333333333333335,38.666666666666664
luca-artur,4,0.75,3.5,32.5
lucrateresults,3,0.0,2.3333333333333335,38.333333333333336
lukass,9,0.333,2.6666666666666665,18.666666666666668
matteogenovese,4,1.0,0.5,6.5
mcpbay,2,0.0,0.5,4.0
meanusarcanus,8,1.0,1.0,2.125
meetmagnet-owner,2,0.0,2.5,11.5
meilimiao,3,0.0,0.6666666666666666,10.666666666666666
melah,2,1.0,1.0,6.0
memo23,511,0.89,23.964774951076322,35.465753424657535
merlin-hermes,7,0.0,0.8571428571428571,1.4285714285714286
mesmerizing_sorter,4,0.75,0.0,28.0
mibedk,10,1.0,0.9,12.5
miraculous_permission,2,1.0,1.0,5.5
mochiboo,21,1.0,1.9523809523809523,3.0
mof1re,15,0.867,1.8,15.666666666666666
morkerr,16,1.0,1.25,36.625
mr.data_scientist,3,0.333,5.333333333333333,24.333333333333332
mscraper,29,0.0,1.8275862068965518,51.793103448275865
mstephen190,3,0.0,3.0,24.666666666666668
nerolabs,23,1.0,1.0869565217391304,3.8260869565217392
netdev,2,1.0,1.5,7.0
neuralhex,2,0.0,1.5,1.0
nibble,10,0.6,1.1,2.9
nicocomt,2,1.0,1.0,13.5
nifty.codes,80,1.0,2.625,4.5375
night111,53,1.0,0.9811320754716981,2.2452830188679247
nikhuge,3,0.667,0.0,24.666666666666668
ninhothedev,232,0.983,1.0948275862068966,1.8879310344827587
ninz,2,0.5,2.0,31.0
noddsolutions,2,0.0,0.0,44.5
nonstop-greed,2,0.0,1.0,3.5
northbound-data,3,1.0,1.0,19.666666666666668
novashieldai,20,1.0,1.4,4.45
nwichter,4,0.0,0.5,8.75
nxv107,2,1.0,1.0,1.5
nyxar_dev,5,0.0,0.4,1.4
ohlava,3,0.0,0.6666666666666666,13.666666666666666
omarchydev,4,0.5,0.5,13.75
omegapointsolutions,4,1.0,1.0,3.75
one-api,32,1.0,32.03125,10.4375
one_house,12,0.917,1.6666666666666667,4.75
onidivo,11,0.091,1.3636363636363635,17.181818181818183
opaldata,5,0.2,1.4,5.8
openclawai,11,0.273,44.90909090909091,25.90909090909091
orkanaltinsoy,2,0.0,1.0,2.5
outofboundslab,3,0.0,1.0,5.666666666666667
ovaimerali,3,1.0,1.0,9.0
overlookdata,3,1.0,1.0,9.0
oza-dev,4,0.5,1.25,8.25
payai,7,0.0,1.1428571428571428,12.0
pdcul,2,0.0,1.0,1.0
perfectscrape,15,0.0,1.9333333333333333,17.0
peterasorensen,2,0.5,81.5,105.5
phmlabs,2,0.0,0.5,9.0
pixflor,10,1.0,4.8,2.8
plat,6,0.833,0.8333333333333334,24.833333333333332
ponderable_hydrometer,59,1.0,1.1016949152542372,2.23728813559322
powerful_bachelor,39,0.077,1.8205128205128205,13.666666666666666
predictable_function,4,0.0,0.25,5.75
price_matters,2,0.5,0.5,25.0
prince.sh,6,0.833,1.0,10.0
pro100chok,30,0.833,43.8,27.1
prodmarkllc,4,0.75,1.25,18.25
prolific_vibraphone,3,0.0,0.3333333333333333,2.6666666666666665
prooflio,4,0.75,1.75,2.75
pumpkin_xyst,2,0.0,1.0,1.0
qpayre,3,0.0,0.6666666666666666,21.0
quakerish_joyride,2,0.0,0.5,4.0
quiet_dictionary,2,1.0,1.5,8.0
rastriq,95,0.853,1.8736842105263158,38.45263157894737
ravch,4,0.75,0.0,5.25
realtorscraper,10,0.0,0.0,6.2
red_crawler,16,1.0,7.5,19.5
refreshing_pail,2,0.5,0.5,6.0
resultsmith,3,1.0,1.0,3.6666666666666665
richard.biros,4,1.0,0.75,13.75
rigelbytes,153,0.529,1.0196078431372548,7.457516339869281
rikunk,2,0.0,0.5,6.0
rocketapi,6,1.0,1.0,4.833333333333333
romy,52,0.692,1.7692307692307692,3.7884615384615383
rook-data-tools,8,1.0,0.875,8.625
ruly_freedom,2,0.0,1.0,25.0
ryeguy96,3,0.0,1.3333333333333333,4.0
saffron_discussion,5,0.8,1.0,7.4
sambehnke,3,0.0,1.0,11.666666666666666
sandy_yclept,2,1.0,11.0,12.0
saodigital,6,0.0,1.0,9.5
saregaa,11,1.0,1.2727272727272727,10.909090909090908
scenic_bookmark,2,1.0,0.0,32.5
scenic_telescope,8,0.875,1.0,2.625
scholarstack,5,0.4,3.2,36.4
scionic_dev,2,0.5,4.0,6.5
scoutlayer,7,1.0,3.4285714285714284,16.0
scrape-creators,10,1.0,104.2,22.7
scrapeclaw,3,1.0,0.3333333333333333,7.333333333333333
scrapix,4,0.75,0.75,2.5
scrappy_garden,28,0.0,0.5,3.642857142857143
scrupulous_buckler,17,1.0,1.0588235294117647,5.764705882352941
seeb,125,0.632,1.016,7.328
sejinius,5,0.0,5.4,18.8
sepia_ironmonger,2,0.0,1.0,3.5
serpxxx,119,0.134,1.0168067226890756,4.151260504201681
shahidirfan,420,0.686,6.609523809523809,10.861904761904762
sheeny_pediment,3,1.0,1.0,13.333333333333334
shubham_patel,2,0.5,0.0,2.0
silicon1235,13,0.0,1.0,1.5384615384615385
sociavault,7,0.0,10.428571428571429,5.428571428571429
soft_alexist,99,0.0,0.98989898989899,1.303030303030303
soft_but_savage,4,0.75,1.75,12.25
solana,2,0.0,2.5,18.5
sones,6,1.0,49.5,26.666666666666668
sourcesauce,7,0.857,1.1428571428571428,3.7142857142857144
spider.engine,2,0.0,2.5,14.0
startquicklabs,2,1.0,1.0,17.5
statanow,4,1.0,7.0,25.75
steadyfetch,7,1.0,4.0,10.857142857142858
stealth_mode,475,0.819,1.2526315789473683,2.888421052631579
stellaboost,3,0.333,2.0,33.333333333333336
stellar_ballet_0bu,20,0.25,0.9,6.75
sthiven_r,8,1.0,0.5,3.125
strajk,2,0.0,2.0,9.5
strange-advanced-marketing,5,0.0,0.2,2.8
substitute99,2,1.0,0.5,18.0
synk,2,0.0,1.0,113.5
technicaldost,93,0.935,1.2473118279569892,2.881720430107527
tenderpilot-data,2,0.0,1.0,5.5
theleadforge,3,1.0,1.0,5.0
theo,4,0.0,0.5,2.0
thoob,28,1.0,1.1785714285714286,7.75
thriftykiwi,32,1.0,1.0,3.03125
tjgarcia0427,2,1.0,1.0,2.5
tolvan,2,1.0,1.0,5.0
tom_mobi,2,1.0,1.0,12.5
topnetworks,3,1.0,0.3333333333333333,2.6666666666666665
totaka,28,0.821,2.5714285714285716,23.964285714285715
trantorsoftware,2,0.5,0.5,4.5
travelmonitorlab,9,0.889,1.1111111111111112,11.444444444444445
truenorth,29,0.897,0.8275862068965517,5.517241379310345
trysmartapi,2,1.0,110.0,8.0
twitterapi,24,0.0,0.6666666666666666,5.416666666666667
unanimous_venus,4,0.5,1.25,8.75
unbearable_dev,6,0.0,0.3333333333333333,7.666666666666667
upworkprashantp,2,1.0,1.0,4.5
v0iddo,51,0.843,0.9411764705882353,2.1176470588235294
valig,7,1.0,1675.4285714285713,11.714285714285714
versusmedia,2,0.5,1.0,7.0
viniman27,10,0.0,0.9,1.0
vivianferreira,2,0.5,1.5,14.5
vivid_astronaut,221,0.959,0.26244343891402716,6.579185520361991
vjkhush,4,0.75,1.25,10.75
vmscrapers,2,0.0,0.5,7.5
vonsensey,47,1.0,1.0,9.085106382978724
voyager,4,1.0,292.0,542.5
wearable_monkey,2,1.0,0.5,4.5
web.harvester,32,0.031,2.5625,30.875
webscrap18,7,0.143,1.1428571428571428,18.428571428571427
westerly_breaker,9,0.0,0.6666666666666666,2.5555555555555554
wiry_kingdom,19,1.0,0.2631578947368421,1.4210526315789473
woven_dimple,5,0.0,1.0,4.2
x2ppi,3,1.0,1.0,15.666666666666666
xavierfok,2,0.0,1.5,10.5
xavvyness,4,0.75,0.75,138.75
xcalibur,2,1.0,1.0,10.5
xmolodtsov,5,0.4,40.0,29.4
your_scraper_guy,3,0.667,0.6666666666666666,2.0
yowling_qualifier,2,0.0,0.5,44.5
yummy_gelato,3,1.0,1.3333333333333333,11.333333333333334
yungstentech,13,1.0,0.6923076923076923,8.307692307692308
zentrafoundry,210,1.0,1.0,43.06666666666667
scrapemesh,33,0.0,0.5151515151515151,4.2727272727272725
scraper_one,10,1.0,239.7,174.8
scrapercoder,4,0.0,0.5,3.25
scraperhive,3,1.0,9.333333333333334,40.0
scraperoka,244,0.0,0.9221311475409836,3.7295081967213113
scrapersdelight,175,0.977,1.8171428571428572,4.702857142857143
scraperx,47,0.0,1.3191489361702127,5.574468085106383
scrapestorm,486,0.01,0.6460905349794238,5.327160493827161
